Rxn,cytosol,plastid,plasma membrane,mitochondria,peroxisome,vacuole,thylakoid,inner mitochondrial matrix
3_6_3_4_RXN,1,1,0,0,0,0,0,0
PSII_RXN,1,1,0,0,0,0,1,0
3_6_3_6_RXN_mod,0,1,0,0,0,0,1,0
3_6_3_16_RXN,1,1,0,0,0,0,0,0
1_18_1_2_RXN,0,1,0,0,0,0,1,0
PLASTOQUINOL__PLASTOCYANIN_REDUCTASE_RXN,0,1,0,0,0,0,1,1
NADH_DEHYDROG_A_RXN,0,0,0,1,0,0,0,1
CYTOCHROME_C_OXIDASE_RXN,0,0,0,1,0,0,0,1
SUCCINATE_DEHYDROGENASE_UBIQUINONE_RXN,0,0,0,1,0,0,0,1
rxn_15816,0,0,0,1,0,0,0,1
ATP_CITRATE_PRO_S__LYASE_RXN,1,0,0,1,0,0,0,0
RXN1G_1437,1,0,0,0,0,0,0,0
RXN1G_1436,1,0,0,0,0,0,0,0
RXN1G_1435,1,0,0,0,0,0,0,0
ADENOSINE_NUCLEOSIDASE_RXN,1,1,0,0,0,0,0,0
RXN1G_1439,1,0,0,0,0,0,0,0
RXN1G_1438,1,0,0,0,0,0,0,0
rxn_9802,0,1,0,0,0,0,0,0
rxn_9803,0,1,0,0,0,0,0,0
rxn_9805,0,1,0,0,0,0,0,0
rxn_9806,0,1,0,0,0,0,0,0
3_2_1_114_RXN,1,0,0,0,0,0,0,0
AIRCARBOXY_RXN,0,1,0,0,0,0,0,0
RXN_6161,1,0,0,0,0,0,0,0
FORMAMIDASE_RXN,1,0,0,0,0,0,0,0
RXN_4021,1,1,1,1,0,0,0,0
RXN_7784,1,0,0,0,0,0,0,0
RXN_7782,1,0,0,0,0,0,0,0
P_PANTOCYSLIG_RXN,0,1,0,0,0,0,0,0
R01312,0,1,0,0,0,0,0,0
NAPHTHOATE_SYN_RXN,1,0,0,0,0,0,0,0
METHIONINE_GAMMA_LYASE_RXN,1,0,0,0,0,0,0,0
RXN_7163,0,1,0,0,0,0,0,0
RXN_7162,1,0,0,0,0,0,0,0
2_7_7_64_RXN,1,0,0,0,0,0,0,0
3_2_1_1_RXN,1,0,0,0,0,0,0,0
R02594,1,0,0,0,0,0,0,0
R02595,1,0,0,0,0,0,0,0
RXN_5985,0,0,0,1,0,0,0,0
3_5_1_26_RXN,1,0,0,0,0,0,0,0
2_1_1_64_RXN,1,0,0,0,0,0,0,0
1_1_1_255_RXN,1,0,0,0,0,0,0,0
4_2_1_58_RXN,0,1,0,0,0,0,0,0
RIBOFLAVINKIN_RXN,0,1,0,0,0,0,0,0
HALOALKANE_DEHALOGENASE_RXN,1,1,0,0,0,0,0,0
SERINE_O_ACETTRAN_RXN,1,1,0,1,0,0,0,0
RXN_17891,1,0,0,0,0,0,0,0
RXN_17890,1,0,0,0,0,0,0,0
2_4_1_222_RXN,0,0,1,0,0,1,0,0
ADCLY_RXN,0,1,0,0,0,0,0,0
GLYCEROL_3_P_ACYLTRANSFER_RXN,1,0,0,0,0,0,0,0
1_11_1_12_RXN,0,1,0,0,0,0,0,0
S_2_HYDROXY_ACID_OXIDASE_RXN,0,0,0,0,1,0,0,0
CORTISONE_BETA_REDUCTASE_RXN,1,0,0,0,0,0,0,0
mzrxn26,0,0,0,0,0,0,0,0
PROPCOASYN_RXN,0,1,0,0,1,0,0,0
CARBONYL_REDUCTASE_NADPH_RXN,1,0,0,0,0,0,0,0
RXN_2102,1,0,0,0,0,0,0,0
GTPPYPHOSKIN_RXN,0,1,0,1,0,0,0,0
RXN_8434,1,0,0,0,0,0,0,0
RXN_12626,1,0,0,0,0,0,0,0
RXN_12625,1,0,0,0,0,0,0,0
AICARTRANSFORM_RXN,0,1,0,0,0,0,0,0
RXN_9217,1,0,0,0,0,0,0,0
RXN_12338,1,0,0,0,0,0,0,0
RXN_8344,1,0,0,0,0,0,0,0
RXN_8342,1,0,0,0,0,0,0,0
5_OXOPROLINASE_ATP_HYDROLYSING_RXN,0,1,0,0,0,0,0,0
RXN_8348,1,0,0,0,0,0,0,0
rxn_7985,0,1,0,0,0,0,0,0
rxn_7984,0,1,0,0,0,0,0,0
1_2_1_1_RXN,1,0,0,0,0,0,0,0
RXN_17679,1,0,0,0,0,0,0,0
RXN_17678,1,0,0,0,0,0,0,0
homocysteine_s_methyltransferase_rxn,0,1,0,0,0,0,0,0
3_4_17_11_RXN,1,0,0,0,0,0,0,0
plastoquinols_c2,0,0,0,0,0,0,0,0
RXN_17677,1,1,0,0,1,0,0,0
MR00940,1,0,0,0,0,0,0,0
RXN_12752,0,1,0,0,0,0,0,0
MHPCHYDROL_RXN,1,0,0,0,0,0,0,0
2KETO_3METHYLVALERATE_RXN,0,1,0,1,0,0,0,0
RXN_12242,1,0,0,0,0,0,0,0
RXN_7973,1,0,0,0,0,0,0,0
PHOSPHASERDECARB_RXN,0,1,0,0,0,0,0,0
RXN_7974,1,0,0,0,0,0,0,0
RXN_7978,0,1,0,0,0,0,0,0
RXN_7979,0,1,0,0,0,0,0,0
CARBOXYMETHYLENEBUTENOLIDASE_RXN,0,1,0,0,0,0,0,0
PANTOATE_BETA_ALANINE_LIG_RXN,0,1,0,0,0,0,0,0
METHYLVALERATE_RXN,1,0,0,0,0,0,0,0
FERREDOXIN__NITRITE_REDUCTASE_RXN,0,1,0,0,0,0,0,0
PROSTAGLANDIN_E_SYNTHASE_RXN,1,0,0,0,0,0,0,0
RXN_11046,1,0,0,0,0,0,0,0
RXN1G_320,1,0,0,0,0,0,0,0
SHIKIMATE_KINASE_RXN,0,1,0,1,0,0,0,0
ANTHRANILATE_N_BENZOYLTRANSFERASE_RXN,1,0,0,0,0,0,0,0
RXN_12611,0,1,0,0,0,0,0,0
RXN_12805,1,0,0,0,0,0,0,0
1_1_1_178_RXN,0,0,0,1,1,0,0,0
2_4_1_57_RXN,1,0,0,0,0,0,0,0
GSHTRAN_RXN,0,1,0,0,0,0,0,0
KETOHEXOKINASE_RXN,1,0,0,0,0,0,0,0
3_1_1_72_RXN,1,0,0,0,0,0,0,0
PECTINESTERASE_RXN,1,1,0,1,1,0,0,0
L_GLN_FRUCT_6_P_AMINOTRANS_RXN,1,0,0,0,0,0,0,0
RXN_18217,1,0,0,0,0,0,0,0
QUINOLINATE_SYNTHA_RXN,1,1,0,0,0,0,0,0
NAD_SYNTH_NH3_RXN,1,0,0,0,0,0,0,0
FLAVONOL_3_O_GLUCOSYLTRANSFERASE_RXN,1,0,0,0,0,0,0,0
APIGNAR_RXN,0,1,0,0,0,0,0,0
RXN1G_526,1,0,0,0,0,0,0,0
RXN_8000,1,0,0,0,0,0,0,0
GALACTOKIN_RXN,1,0,0,0,0,0,0,0
R82_RXN,1,0,0,0,0,0,0,0
TROPINE_DEHYDROGENASE_RXN,1,0,0,0,0,0,0,0
RIBOFLAVINSYNDEAM_RXN,0,1,0,0,0,0,0,0
RXN_1125,1,0,0,0,0,0,0,0
LIPIDXSYNTHESIS-RXN,1,0,0,0,0,0,0,0
RXN_10062,1,1,0,0,0,0,0,0
RXN_10061,1,0,0,0,0,0,0,0
RXN_10060,1,0,0,0,0,0,0,0
RXN_9240,1,0,0,0,0,0,0,0
ISOCITRATE_DEHYDROGENASE_NAD+_RXN,1,0,0,1,1,0,0,0
ALLANTOATE_DEIMINASE_RXN,0,0,0,0,1,0,0,0
RXN_10068,1,0,0,0,0,0,0,0
1_2_1_31_RXN,1,1,0,1,1,0,0,0
THREDEHYD_RXN,1,1,0,0,0,0,0,0
MEVALONATE_KINASE_RXN,1,0,0,0,0,0,0,0
ALKANE_1_MONOOXYGENASE_RXN,0,1,0,0,0,0,0,0
RXN_15745,1,1,0,0,1,0,0,0
rxnara_8002,0,1,0,0,0,0,0,0
CINNAMOYL_COA_REDUCTASE_RXN,0,0,0,0,1,0,0,0
RXN3O_130,1,0,0,0,0,0,0,0
RXN_13961,1,0,0,0,0,0,0,0
RXN_13965,1,0,0,0,0,0,0,0
RXN_7864,0,0,1,0,0,0,0,0
OHMETPYRKIN_RXN,0,1,0,0,0,0,0,0
RXN_6222,1,0,0,0,0,0,0,0
1_1_1_271_RXN,1,0,0,0,0,0,0,0
3_1_3_74_RXN,0,1,0,0,0,0,0,0
2_3_1_78_RXN,1,0,0,0,0,0,0,0
DIHYDROPYRIMIDINASE_RXN,1,1,0,0,0,0,0,0
RXN_7570,1,0,0,0,0,0,0,0
TRANS_OCTAPRENYLTRANSTRANSFERASE_RXN,0,1,0,0,0,0,0,0
RXN_14500,1,0,0,0,0,0,0,0
ORNDECARBOX_RXN,0,0,0,1,0,0,0,0
DAPASYN_RXN,0,0,0,1,0,0,0,0
rxn0_363,1,0,0,0,0,0,0,0
BIS5_ADENOSYL_TRIPHOSPHATASE_RXN,1,0,0,0,0,0,0,0
SHIKIMATE_5_DEHYDROGENASE_RXN,0,1,0,0,0,0,0,0
RXN_7609,1,0,0,0,0,0,0,0
RXN_13189,1,0,0,0,0,0,0,0
RXN_13188,1,0,0,0,0,0,0,0
ACETOLACTREDUCTOISOM_RXN,0,1,0,0,0,0,0,0
GLY3KIN_RXN,0,1,0,0,0,0,0,0
RXNQT_4394,1,0,0,0,0,0,0,0
RXNQT_4395,0,1,1,1,0,1,0,0
RXN_5468,1,0,1,0,0,1,0,0
RXN_5469,1,0,0,0,0,0,0,0
RXNQT_4391,1,0,0,0,0,0,0,0
RXNQT_4392,1,0,0,0,0,0,0,0
RXNQT_4393,1,0,0,0,0,0,0,0
RXN_5462,1,0,0,0,0,0,0,0
RXN_5463,1,0,0,0,0,0,0,0
RXN_5466,1,0,0,0,0,0,0,0
RXN_5467,1,0,0,0,0,0,0,0
RXN_5464,1,0,0,0,0,0,0,0
PREPHENATE_ASP_TRANSAMINE_RXN,1,0,0,0,0,0,0,0
RXN_13748,1,0,0,0,0,0,0,0
ALKAPHOSPHA_RXN,1,0,0,0,0,0,0,0
DTDPDEHYDRHAMEPIM_RXN,1,0,0,0,0,0,0,0
24_DICHLOROPHENOL_6_MONOOXYGENASE_RXN,0,0,0,1,0,0,0,0
PRIBFAICARPISOM_RXN,0,1,0,0,0,0,0,0
R02340,0,1,0,0,0,0,0,0
RXN_7755,1,0,0,0,0,0,0,0
NITRIC_OXIDE_SYNTHASE_RXN,1,0,0,0,0,0,0,0
OAAtrans_m2,0,0,0,0,0,0,0,0
RXN_8648,1,0,0,0,0,0,0,0
3_6_4_11_RXN,1,0,0,0,0,0,0,0
RXN_7686,1,0,0,0,0,0,0,0
RXN_7687,1,0,0,0,0,0,0,0
LIPOXYGENASE_RXN,0,1,0,0,0,0,0,0
RXN_7682,1,1,0,0,1,0,0,0
RXN_7683,1,0,0,0,0,0,0,0
2_8_2_27_RXN,1,0,0,0,0,0,0,0
RXN_17888,1,0,0,0,0,0,0,0
RXN_17889,1,0,0,0,0,0,0,0
mzrxn22,0,0,0,0,0,0,0,0
RXN_9597,1,0,0,0,0,0,0,0
RXN3DJ_170,1,0,0,0,0,0,0,0
mzrxn20,0,0,0,0,0,0,0,0
GST_RXN,0,1,0,0,0,0,0,0
RXN_12107,1,0,0,0,0,0,0,0
RXN1F_461,1,0,0,0,0,0,0,0
RXN_9915,1,0,0,0,0,0,0,0
mzrxn36,0,0,0,0,0,0,0,0
RXN_8425,1,0,0,0,0,0,0,0
RXN_8424,1,0,0,0,0,0,0,0
RXN_8426,1,0,0,0,0,0,0,0
RXN_8422,1,0,0,0,0,0,0,0
RXN_12326,1,0,0,0,0,0,0,0
GLUTATHIONE_SYN_RXN,1,1,0,0,0,0,0,0
RXN_12320,1,0,1,0,0,0,0,0
AMP_DEPHOSPHORYLATION_RXN,1,1,0,0,1,0,0,0
RXN0_5199,1,0,0,0,0,0,0,0
2_6_1_18_RXN,0,0,0,1,0,0,0,0
RXN_8357,1,0,0,0,0,0,0,0
RXN_8351,1,0,0,0,0,0,0,0
GLUTAMATE_SYNTHASE_FERREDOXIN_RXN,0,1,0,0,0,0,0,0
GAMMA_GLUTAMYLCYCLOTRANSFERASE_RXN,1,0,0,0,0,0,0,0
3_2_1_24_RXN,1,0,0,0,0,0,0,0
MR00881,1,0,0,0,0,0,0,0
RXN_16045,1,0,0,0,0,0,0,0
BADH_RXN,1,0,0,0,0,0,0,0
RXN_9356,1,0,0,0,0,0,0,0
GLUCOSYLCERAMIDASE_RXN,1,0,0,0,0,0,0,0
R02167,1,0,0,0,0,0,0,0
RXN_7903,0,1,0,1,0,0,0,0
RXN_11213,1,0,0,0,0,0,0,0
RXN_11211,0,1,0,0,0,0,0,0
RXN_10769,1,1,0,0,1,1,0,0
DIHYDRONEOPTERIN_MONO_P_DEPHOS_RXN,0,1,0,0,0,0,0,0
GLU6PDEHYDROG_RXN,1,1,0,0,0,0,0,0
CTPSYN_RXN,1,1,0,0,0,0,0,0
MYO_INOSITOL_OXYGENASE_RXN,1,0,0,0,0,0,0,0
3_2_1_96_RXN,1,0,0,0,0,0,0,0
RXN_11695,1,0,0,0,0,0,0,0
RXN_7904,0,1,0,0,0,0,0,0
RXN_11101,0,1,0,1,0,0,0,0
R02016,1,0,0,0,0,0,0,0
3_2_1_21_RXN,1,0,0,0,0,0,0,0
RXN0_1461,0,1,0,0,0,0,0,0
FAD_PYROPHOSPHATASE_RXN,0,1,0,0,0,0,0,0
PYRAMKIN_RXN,0,1,0,0,0,0,0,0
3_2_1_73_RXN,1,0,0,0,0,0,0,0
mzrxn31,0,0,0,0,0,0,0,0
mzrxn30,0,0,0,0,0,0,0,0
mzrxn33,0,0,0,0,0,0,0,0
mzrxn32,0,0,0,0,0,0,0,0
HOMOSERKIN_RXN,0,1,0,0,0,0,0,0
mzrxn34,0,0,0,0,0,0,0,0
mzrxn37,0,0,0,0,0,0,0,0
ADENYLOSUCCINATE_SYNTHASE_RXN,0,1,0,0,0,0,0,0
mzrxn39,0,0,0,0,0,0,0,0
mzrxn38,0,0,0,0,0,0,0,0
RXN_11852,1,1,0,0,0,0,0,0
RXN_14992,0,0,0,1,0,0,0,0
1_8_1_4_RXN,0,1,0,1,1,0,0,0
RXN_14996,1,0,0,0,0,0,0,0
RXN_14995,1,0,0,0,0,0,0,0
THI_P_SYN_RXN,0,1,0,0,0,0,0,0
RXN_9003,0,1,0,0,0,0,0,0
benzyl_alc_dehydrogenase_rxn,0,1,0,0,0,0,0,0
ARGSUCCINSYN_RXN,1,1,0,0,0,0,0,0
GLUTKIN_RXN,1,1,0,1,0,0,0,0
ADPSUGPPHOSPHAT_RXN,0,1,0,0,0,0,0,0
URIDINEKIN_RXN,0,1,0,0,0,0,0,0
THYKI_RXN,1,1,1,1,1,0,0,0
3_2_1_141_RXN,1,0,0,0,0,0,0,0
RXN_14199,0,1,0,0,0,0,0,0
RXN_14198,1,1,0,0,0,0,0,0
1_2_1_9_RXN,1,0,0,0,0,0,0,0
ADENPRIBOSYLTRAN_RXN,1,1,0,0,0,0,0,0
RXN_14195,1,0,0,0,0,0,0,0
4_2_1_93_RXN,1,0,0,0,0,0,0,0
RXN_11201,1,0,0,0,0,0,0,0
ISOCHORSYN_RXN,1,1,0,0,0,0,0,0
RXN_5121,0,1,0,0,0,0,0,0
CYSPH_RXN,1,1,0,0,0,0,0,0
CYTIDEAM_RXN,1,0,0,0,0,0,0,0
rxn_12243,0,1,0,0,0,0,0,0
rxn_12244,0,1,0,0,0,0,0,0
METHYLENETHFDEHYDROG_NADP_RXN,1,0,0,0,0,0,0,0
PEPSYNTH_RXN,1,1,0,0,0,0,0,0
RXN_14378,0,1,0,0,0,0,0,0
RXN_14372,1,0,0,0,0,0,0,0
RXN_14371,1,0,0,0,0,0,0,0
CARBODEHYDRAT_RXN,1,0,0,0,0,0,0,0
ALLYL_ALCOHOL_DEHYDROGENASE_RXN,0,1,0,0,0,0,0,0
ICOSANOYL_COA_SYNTHASE_RXN,1,0,0,0,0,0,0,0
RXN_13975,1,0,0,0,0,0,0,0
1_14_11_20_RXN,1,0,0,0,0,0,0,0
UDPACYLGLCNACDEACETYL_RXN,1,0,0,1,0,0,0,0
2_CARBOXY_D_ARABINITOL_1_PHOSPHATASE_RXN,1,0,0,0,0,0,0,0
RXN_4505,1,0,0,0,0,0,0,0
RXN_14978,1,0,0,0,0,0,0,0
RXN_13403,1,0,0,0,0,0,0,0
RXN_14971,1,1,0,0,0,0,0,0
TREHALOSEPHOSPHA_RXN,1,0,0,0,0,0,0,0
UGD_RXN,1,0,0,0,0,0,0,0
1_6_5_4_RXN,0,1,0,0,1,0,0,0
RXN_6762,1,0,0,0,0,0,0,0
2_3_1_179_RXN,1,0,0,0,0,0,0,0
RXN_8430,1,0,0,0,0,0,0,0
rxn_12256,0,1,0,0,0,0,0,0
1_14_13_8_RXN,0,1,0,1,0,0,0,0
2_7_1_148_RXN,0,1,0,0,0,0,0,0
2_4_1_195_RXN,1,0,0,0,0,0,0,0
3_1_3_62_RXN,1,0,0,0,0,0,0,0
RXN1F_462,1,0,0,0,0,0,0,0
RXN_707,1,0,0,0,0,0,0,0
CINNAMATE_GLUCOSYLTRANSFERASE_RXN,1,0,0,0,0,0,0,0
RXN0_2381,0,1,0,0,0,0,0,0
RXN_13192,1,0,0,0,0,0,0,0
RXN_13190,1,0,0,0,0,0,0,0
RXN_13191,0,1,0,0,1,0,0,0
RXN_13197,0,1,0,0,0,0,0,0
rxn_11961,1,0,0,0,0,0,0,0
3_1_1_23_RXN,1,1,1,0,1,0,0,0
RXN0_5515,1,0,0,0,0,0,0,0
RXNQT_4389,1,0,0,0,0,0,0,0
RXNQT_4388,1,0,0,0,0,0,0,0
RXN_6102,1,0,0,1,0,0,0,0
RXNQT_4383,1,0,0,0,0,0,0,0
RXNQT_4382,1,1,0,0,0,0,0,0
PSERTRANSAMPYR_RXN,0,1,0,0,0,0,0,0
RXNQT_4386,1,0,0,0,0,0,0,0
RXNQT_4385,1,0,0,0,0,0,0,0
PANTOTHENATE_KIN_RXN,0,1,0,0,0,0,0,0
4_2_2_2_RXN,1,0,0,0,0,0,0,0
RXN_9190,1,0,0,0,0,0,0,0
RXN_12332,1,0,0,1,0,0,0,0
RXN_5471,1,0,0,0,0,0,0,0
RXN_5470,1,0,0,0,0,0,0,0
UNSPECIFIC_MONOOXYGENASE_RXN,1,0,0,0,0,0,0,0
Citrullinetrans_m2,0,0,0,0,0,0,0,0
RXN_2581,1,0,0,0,0,0,0,0
CAFFEOYL_COA_O_METHYLTRANSFERASE_RXN,1,0,0,0,0,0,0,0
3_OXO_5_BETA_STEROID_4_DEHYDROGENASE_RXN,1,0,0,0,0,0,0,0
DIACYLGLYCEROL_O_ACYLTRANSFERASE_RXN,0,1,0,0,0,0,0,0
RXN_7183,1,1,0,1,0,0,0,0
RXN_7185,1,0,0,0,0,0,0,0
RXN_7184,1,0,0,0,0,0,0,0
2TRANSKETO_RXN,1,1,0,0,0,0,0,0
ARYLESTERASE_RXN,1,0,0,0,0,0,0,0
RXN_3221,1,1,0,0,0,0,0,0
RXN66_14,0,0,1,0,0,0,0,0
PROCOLLAGEN_PROLINE_3_DIOXYGENASE_RXN,1,0,0,0,0,0,0,0
2_7_7_11_RXN,1,0,0,0,0,0,0,0
RXN_7699,0,0,0,0,1,0,0,0
QUEUOSINE_TRNA_RIBOSYLTRANSFERASE_RXN,1,0,0,0,0,0,0,0
RXN_9589,0,0,1,0,0,0,0,0
ACID_PHOSPHATASE_RXN,1,0,0,0,0,0,0,0
RXN_8562,1,0,0,0,0,0,0,0
R146_RXN,1,0,0,0,0,0,0,0
poplar_biomas,0,0,0,0,0,0,0,0
RXN_8568,1,0,0,0,0,0,0,0
IMIDPHOSDEHYD_RXN,0,1,0,0,0,0,0,0
1_14_11_2_RXN,1,0,0,0,0,0,0,0
ARABISOM_RXN,1,0,0,0,0,0,0,0
RXN_7719,1,0,0,0,0,0,0,0
NAD_SYNTH_GLN_RXN,1,0,0,0,0,0,0,0
3_HYDROXYDECANOYL_ACP_DEHYDR_RXN,0,1,0,0,0,0,0,0
2_7_7_30_RXN,1,0,0,0,0,0,0,0
RXN_17475,1,0,0,0,0,0,0,0
BILIRUBIN_OXIDASE_RXN,1,0,0,0,0,0,0,0
R01665,1,0,0,0,0,0,0,0
2_7_1_151_RXN,1,0,0,0,0,0,0,0
2_4_1_117_RXN,1,0,0,0,0,0,0,0
RXN_7710,1,0,0,0,0,0,0,0
RXN0_5186,1,0,0,0,0,0,0,0
PYRROLINECARBREDUCT_RXN,1,1,0,1,1,0,0,0
GDPREDUCT_RXN,1,0,0,0,0,0,0,0
RXN_12486,1,0,0,0,0,0,0,0
4_3_1_17_RXN,1,0,0,0,0,0,0,0
N_ACYLNEURAMINATE_9_PHOSPHATASE_RXN,0,0,0,1,0,0,0,0
RXN_8163,1,0,0,0,0,0,0,0
DTDPKIN_RXN,0,1,0,0,0,0,0,0
DCTP_DEAM_RXN,0,1,0,0,0,0,0,0
ETHANOLAMINE_KINASE_RXN,1,0,0,0,0,0,0,0
RXN_1241,1,0,0,1,0,0,0,0
2_4_1_141_RXN,1,0,0,0,0,0,0,0
RXN_12002,1,1,0,1,0,0,0,0
RXN_9344,1,0,0,0,0,0,0,0
CONIFERIN_BETA_GLUCOSIDASE_RXN,1,0,0,0,0,0,0,0
FUMHYDR_RXN,0,0,0,1,0,0,0,0
RXN_13398,0,1,0,0,0,0,0,0
2_ISOPROPYLMALATESYN_RXN,0,1,0,0,0,0,0,0
3_2_1_55_RXN,1,1,0,0,0,0,0,0
RXN_12799,1,0,0,0,0,0,0,0
DHHB_METHYLTRANSFER_RXN,1,0,0,0,0,0,0,0
RXN3O_458,1,0,0,0,0,0,0,0
ALCOHOL_O_ACETYLTRANSFERASE_RXN,1,0,0,0,0,0,0,0
rxn_13202,0,0,0,1,0,0,0,0
GALACTURONOKINASE_RXN,1,0,0,0,0,0,0,0
URATE_OXIDASE_RXN,0,0,0,0,1,0,0,0
GART_RXN,0,1,0,0,0,0,0,0
R02020,1,0,0,0,0,0,0,0
ACYLPYRUVATE_HYDROLASE_RXN,0,0,0,1,0,0,0,0
RXN_11112,1,0,0,0,0,0,0,0
RXN_12645,1,0,0,0,0,0,0,0
GMP_SYN_GLUT_RXN,1,1,0,0,0,0,0,0
RXN_12642,1,0,0,0,0,0,0,0
mzrxn28,0,0,0,0,0,0,0,0
mzrxn29,0,0,0,0,0,0,0,0
RXN_11846,1,0,0,0,0,0,0,0
mzrxn27,0,0,0,0,0,0,0,0
mzrxn24,0,0,0,0,0,0,0,0
mzrxn25,0,0,0,0,0,0,0,0
2_7_7_13_RXN,1,0,0,0,0,0,0,0
mzrxn23,0,0,0,0,0,0,0,0
P_PANTOCYSDECARB_RXN,0,1,0,0,0,0,0,0
mzrxn21,0,0,0,0,0,0,0,0
RXN_14981,1,0,0,0,1,0,0,0
MR00431,1,0,0,0,0,0,0,0
2_7_8_15_RXN,1,0,0,0,0,0,0,0
1_14_13_36_RXN,1,0,0,0,0,0,0,0
RXN_9015,1,0,0,1,0,0,0,0
RXN_11209,0,1,0,0,0,0,0,0
325_BISPHOSPHATE_NUCLEOTIDASE_RXN,0,1,0,0,0,0,0,0
GLYCINE_AMINOTRANSFERASE_RXN,0,1,0,0,0,0,0,0
4_HYDROXY_2_KETOPIMELATE_LYSIS_RXN,1,0,0,0,0,0,0,0
RXN_15236,1,0,0,0,1,0,0,0
QOR_RXN,1,0,0,0,0,0,0,0
3_2_1_152_RXN,0,0,0,0,0,1,0,0
2KETO_4METHYL_PENTANOATE_DEHYDROG_RXN,0,0,0,1,0,0,0,0
RXN6666_2,1,0,0,0,0,0,0,0
RXN_14187,1,1,0,0,0,0,0,0
RXN_14181,0,1,0,0,0,0,0,0
CHORISMATEMUT_RXN,1,1,0,0,0,0,0,0
RXN_5110,1,0,0,0,0,0,0,0
RXN_1101,1,0,0,0,0,0,0,0
RXN_1103,1,0,0,0,0,0,0,0
RXN_1102,1,0,0,0,0,0,0,0
RXN_1104,1,0,0,0,1,0,0,0
RXN_1106,1,0,0,0,0,0,0,0
LYSOPHOSPHOLIPASE_RXN,1,0,0,0,0,0,0,0
THIOREDOXIN_REDUCT_NADPH_RXN,1,1,0,0,0,0,0,0
3_2_1_37_RXN,1,0,0,0,0,0,0,0
rxn_12254,0,1,0,0,0,0,0,0
BIOTINLIG_RXN,0,1,0,1,0,0,0,0
ADOMET_DMK_METHYLTRANSFER_RXN,1,0,0,0,0,0,0,0
RXN_11061,1,0,0,0,0,0,0,0
RXN_11062,1,0,0,0,0,0,0,0
DIHYDROFOLATE,1,0,0,0,0,0,0,0
3_2_1_147_RXN,1,0,0,0,0,0,0,0
RXN1F_66,0,1,0,0,0,0,0,0
GLYCOLATE_REDUCTASE_RXN,1,0,0,0,0,0,0,0
AMP_DEAMINASE_RXN,1,0,0,0,0,0,0,0
HEMN_RXN,0,1,0,0,0,0,0,0
4_2_3_27_RXN,1,0,0,0,0,0,0,0
1_2_1_2_RXN,0,0,0,1,0,0,0,0
RXN_18234,1,0,0,0,0,0,0,0
PHOSPHORIBULOKINASE_RXN,1,1,0,0,0,0,0,0
2_7_7_44_RXN,1,0,0,0,0,0,0,0
2_4_2_39_RXN,1,0,0,0,0,0,0,0
METHYLACYLYLCOA_HYDROXY_RXN,0,0,0,1,1,0,0,0
DIHYDROPICRED_RXN,1,1,0,0,0,0,0,0
3_5_1_52_RXN,1,1,0,1,0,0,0,0
RXN_8417,1,0,0,0,0,0,0,0
CHLOROPHYLLASE_RXN,1,0,0,0,0,0,0,0
1_PHOSPHATIDYLINOSITOL_3_KINASE_RXN,0,0,1,0,0,0,0,0
PHOSPHOLIPASE_A2_RXN,1,1,0,1,1,0,0,0
MANNKIN_RXN,1,0,0,0,0,0,0,0
1_14_13_77_RXN,1,0,0,0,0,0,0,0
RXN0_5408,1,1,0,0,0,0,0,0
ADENOSYLHOMOCYSTEINASE_RXN,1,1,0,0,0,0,0,0
GALACTURIDYLYLTRANS_RXN,0,1,0,0,0,0,0,0
PRAISOM_RXN,0,1,0,0,0,0,0,0
GLUTAMINYL_PEPTIDE_CYCLOTRANSFERASE_RXN,0,0,0,1,0,0,0,0
GCVP_RXN,1,0,0,0,0,0,0,0
RXN_4606,1,0,0,0,0,0,0,0
RXN_13506,1,0,0,0,0,0,0,0
CATECHOL_OXIDASE_RXN,1,0,0,0,0,0,0,0
5_FORMYL_THF_CYCLO_LIGASE_RXN,0,1,0,0,0,0,0,0
rxn_11884,1,0,0,0,0,0,0,0
RXN_13323,1,0,0,0,0,0,0,0
RXN_13322,1,0,0,0,0,0,0,0
2_4_1_83_RXN,1,0,1,0,0,0,0,0
RXN_13328,1,0,0,0,0,0,0,0
RXN_5482,1,0,0,0,0,0,0,0
HISTPRATPHYD_RXN,0,1,0,0,0,0,0,0
DCMP_DEAMINASE_RXN,1,1,1,1,1,0,0,0
ISOCITDEH_RXN,1,0,0,1,0,0,0,0
NITRATE_REDUCTASE_NADH_RXN,0,1,0,0,0,0,0,0
2_4_1_221_RXN,1,0,0,0,0,0,0,0
DMK_RXN,1,0,0,0,0,0,0,0
RIBULP3EPIM_RXN,1,1,0,0,0,0,0,0
GUANIDINOACETATE_N_METHYLTRANSFERASE_RXN,1,0,0,0,0,0,0,0
3_1_3_67_RXN,1,0,0,0,0,0,0,0
RXN_5647,1,0,0,0,0,0,0,0
PLASMALOGEN_SYNTHASE_RXN,1,0,0,0,0,0,0,0
RXN0A_10711,1,1,1,1,1,0,0,0
RXN_5642,1,0,0,0,0,0,0,0
RXN_5643,1,0,0,0,0,0,0,0
RIBOKIN_RXN,0,1,0,0,0,0,0,0
RXN_5641,1,0,0,0,0,0,0,0
ORNCARBAMTRANSFER_RXN,0,1,0,1,0,0,0,0
ISOFLAVONE_2_HYDROXYLASE_RXN,1,0,0,0,0,0,0,0
HYPOXANPRIBOSYLTRAN_RXN,1,1,0,0,0,0,0,0
RXN_7737,0,1,0,0,0,0,0,0
HISTIDPHOS_RXN,0,1,0,0,0,0,0,0
RXN_6601,0,1,0,0,0,0,0,0
RXN_7738,0,1,0,0,0,0,0,0
GLYCERONE_KINASE_RXN,1,0,0,0,0,0,0,0
RXN_2043,1,0,1,0,0,1,0,0
RXN_8629,1,0,0,0,0,0,0,0
RXN_8991,1,1,0,0,0,0,0,0
PHOSPHOMEVALONATE_KINASE_RXN,1,0,0,0,0,0,0,0
RXN_8992,1,0,0,0,0,0,0,0
RXN_8574,1,0,0,0,0,0,0,0
3_5_2_17_RXN,0,0,0,0,1,0,0,0
FORMATETHFLIG_RXN,1,1,0,1,0,0,0,0
R01057,0,1,0,0,0,0,0,0
CYTIDEAM2_RXN,1,0,0,0,0,0,0,0
1_17_4_2_RXN,1,0,0,0,0,0,0,0
RIB5PISOM_RXN,1,1,0,0,0,0,0,0
4_HYDROXYPHENYLPYRUVATE_DIOXYGENASE_RXN,1,1,0,0,0,0,0,0
RXN_12124,1,0,0,0,0,0,0,0
RXN_12125,1,0,0,0,0,0,0,0
RXN_12126,1,0,0,0,0,0,0,0
RXN_12127,1,0,0,0,0,0,0,0
RXN_3541,0,0,0,0,1,0,0,0
RXN_12123,1,0,0,0,0,0,0,0
2_1_1_71_RXN,1,0,0,0,0,0,0,0
RXN_12128,1,0,0,0,0,0,0,0
RXN_9971,0,0,1,0,0,0,0,0
AGMATINE_N4_COUMAROYLTRANSFERASE_RXN,1,0,0,0,0,0,0,0
NAD_KIN_RXN,1,1,0,0,0,0,0,0
RXN_8197,1,0,0,0,0,0,0,0
RXN_10948,1,0,0,0,0,0,0,0
3_1_3_66_RXN,1,0,0,1,0,0,0,0
RXN_10949,1,0,0,0,0,0,0,0
2_4_1_207_RXN,1,0,0,0,0,0,0,0
RXN_11047,0,0,1,0,0,1,0,0
SERINE__PYRUVATE_AMINOTRANSFERASE_RXN,1,0,0,0,0,0,0,0
RXN_12496,1,0,0,0,0,0,0,0
ADENYL_KIN_RXN,1,1,0,1,0,0,0,0
HISTCYCLOHYD_RXN,0,1,0,0,0,0,0,0
R01433,1,0,0,0,0,0,0,0
RXN_8171,1,0,0,0,0,0,0,0
RXN_6902,1,0,0,0,0,0,0,0
RXN_12019,0,1,0,0,0,0,0,0
PYRIMSYN1_RXN,0,1,0,0,0,0,0,0
1_3_1_9_RXN,0,1,0,0,0,0,0,0
SULFITE_OXIDASE_RXN,0,0,0,0,1,0,0,0
RXN_9372,1,0,0,0,0,0,0,0
RXN_9804,1,1,0,0,0,0,0,0
3_OXOACYL_ACP_REDUCT_RXN,0,1,0,0,0,0,0,0
RXN_8285,1,0,0,0,0,0,0,0
FADSYN_RXN,0,1,0,0,0,0,0,0
RXN_8287,1,0,0,0,0,0,0,0
RXN_8286,1,0,0,0,0,0,0,0
RXN_9628,0,0,0,0,1,0,0,0
RXN_9629,1,0,0,0,0,0,0,0
MERCAPYSTRANS_RXN,1,0,0,0,0,0,0,0
RXN_12278,1,0,0,0,0,0,0,0
RXN_12279,1,0,0,0,0,0,0,0
RXN_9623,0,1,0,0,0,0,0,0
RXN_9624,0,1,0,0,0,0,0,0
2_4_1_223_RXN,1,0,0,0,0,0,0,0
RXN_9626,1,0,0,0,0,0,0,0
RXN_9627,0,0,0,0,1,0,0,0
mzrxn10,0,0,0,0,0,0,0,0
1TRANSKETO_RXN,1,1,0,0,0,0,0,0
GLUCONOKIN_RXN,1,0,0,0,0,0,0,0
NICOTINATEPRIBOSYLTRANS_RXN,1,0,0,0,0,0,0,0
R01549,1,0,0,0,0,0,0,0
RXN_8772,1,0,0,0,0,0,0,0
6_3_2_7_RXN,1,0,0,0,0,0,0,0
R524_RXN,1,1,0,1,0,0,0,0
RXN_11476,1,0,0,0,0,0,0,0
RXN_11475,0,0,0,1,0,0,0,0
RXN_12302,1,0,0,0,0,0,0,0
2_5_1_46_RXN,1,0,0,0,0,0,0,0
2_5_1_19_RXN,1,1,0,0,0,0,0,0
MR00429,1,0,0,0,0,0,0,0
6_3_4_11_RXN,1,0,0,0,0,0,0,0
PHOSPHATIDYLINOSITOL_BISPHOSPHATASE_RXN,0,1,0,0,0,0,0,0
RXN_9023,1,1,0,1,0,0,0,0
RXN_10654,1,0,0,0,0,0,0,0
1_1_1_170_RXN,1,0,0,0,0,0,0,0
r_3_hydroxymyristoyl_acps_c2,0,0,0,0,0,0,0,0
RXN_10658,1,0,0,0,0,0,0,0
RXN_10659,1,0,0,0,0,0,0,0
RXN_16155,1,0,0,0,0,0,0,0
GLUC1PURIDYLTRANS_RXN,1,0,0,0,0,0,0,0
MEPROPCOA_FAD_RXN,0,0,0,1,0,0,0,0
3_2_1_8_RXN,1,0,0,1,0,0,0,0
RXN0_1133,1,0,0,0,0,0,0,0
RXN0_1132,1,0,0,0,0,0,0,0
RXN0_1134,1,0,0,0,0,0,0,0
TETRAHYDROBERBERINE_OXIDASE_RXN,1,0,0,0,0,0,0,0
UDP_GLUCURONOSYLTRANSFERASE_RXN,0,1,0,0,0,0,0,0
RXN_5106,1,0,0,0,0,0,0,0
RXN_5101,1,0,0,0,0,0,0,0
2_7_9_5_RXN,1,0,0,0,0,0,0,0
RXNN_404,0,1,0,0,0,0,0,0
RXN_5109,1,0,0,0,0,0,0,0
3_6_3_16_RXN,0,0,0,0,0,0,0,0
PSII_RXN,0,0,0,0,0,0,0,0
UDPNACETYLGLUCOSAMACYLTRANS_RXN,1,0,0,1,0,0,0,0
RXN_2601,1,0,0,0,0,0,0,0
3_6_3_1_RXN,0,0,0,0,0,0,0,0
rxn_12261,0,1,0,0,0,0,0,0
CHOLINE_KINASE_RXN,1,1,0,0,0,0,0,0
1_5_1_20_RXN,1,0,0,0,0,0,0,0
R83_RXN,1,0,0,0,0,0,0,0
RXN1F_72,0,1,0,0,0,0,0,0
RXN4FS_2,1,0,0,0,0,0,0,0
THROMBOXANE_A_SYNTHASE_RXN,0,0,0,0,1,0,0,0
UDPKIN_RXN,1,1,0,0,0,0,0,0
1_5_1_25_RXN,1,0,0,0,0,0,0,0
4_1_1_32_RXN,0,1,0,0,0,0,0,0
RXN1G_488,1,0,0,0,0,0,0,0
RXN0_901,1,0,0,0,1,0,0,0
KETOLACTOSE_RXN,1,0,0,0,0,0,0,0
1_3_1_2_RXN,0,1,0,0,0,0,0,0
RXN0_722,0,1,0,0,0,0,0,0
RXN0_724,0,1,0,0,0,0,0,0
11_BETA_HYDROXYSTEROID_DEHYDROGENASE_RXN,1,0,0,0,0,0,0,0
RXN_14200,0,1,0,0,0,0,0,0
2_3_1_158_RXN,1,0,0,0,0,0,0,0
CPM_KDOSYNTH_RXN,0,1,0,0,0,0,0,0
CHOLESTEROL_OXIDASE_RXN,1,0,0,0,0,0,0,0
ACYL_COA_OXIDASE_RXN,0,0,0,0,1,0,0,0
RXN_13689,1,0,0,0,0,0,0,0
RXN_13685,1,0,0,0,0,0,0,0
ALLIIN_LYASE_RXN,1,0,0,0,0,0,0,0
AICARSYN_RXN,0,1,0,1,0,0,0,0
GTP_CYCLOHYDRO_II_RXN,0,1,0,0,0,0,0,0
TRYPSYN_RXN,0,1,0,0,0,0,0,0
ACETOLACTSYN_RXN,1,1,0,0,0,0,0,0
3_DEHYDROSPHINGANINE_REDUCTASE_RXN,1,0,0,0,0,0,0,0
RXN_1824,1,0,0,0,0,0,0,0
CHOLESTENONE_5_BETA_REDUCTASE_RXN,1,0,0,0,0,0,0,0
mzrxn7,0,0,0,0,0,0,0,0
mzrxn6,0,0,0,0,0,0,0,0
mzrxn5,0,0,0,0,0,0,0,0
mzrxn4,0,0,0,0,0,0,0,0
mzrxn3,0,0,0,0,0,0,0,0
5_METHYLTHIOADENOSINE_PHOSPHORYLASE_RXN,1,0,0,0,0,0,0,0
mzrxn1,0,0,0,0,0,0,0,0
TRIPHOSPHATASE_RXN,1,0,0,0,0,0,0,0
mzrxn9,0,0,0,0,0,0,0,0
mzrxn8,0,0,0,0,0,0,0,0
GALACTOSE_OXIDASE_RXN,0,0,1,0,0,0,0,0
RXN_14047,1,0,0,1,1,0,0,0
PEPDEPHOS_RXN,1,1,0,0,0,0,0,0
SAICARSYN_RXN,0,1,0,0,0,0,0,0
RXN_4702,1,0,0,0,0,0,0,0
RXN_4703,1,0,0,0,0,0,0,0
PHOSMANMUT_RXN,1,1,0,0,0,0,0,0
BETAGALACTOSID_RXN,1,1,0,0,0,0,0,0
4_NITROPHENYLPHOSPHATASE_RXN,1,1,0,1,0,0,0,0
PYRIDOXKIN_RXN,0,1,0,0,0,0,0,0
RXN_12495,0,1,0,0,0,0,0,0
1_2_1_25_RXN,0,0,0,1,0,0,0,0
rxn_11876,1,0,0,0,0,0,0,0
rxn_11878,1,0,0,0,0,0,0,0
PSEUDOURIDINE_KINASE_RXN,0,1,0,0,0,0,0,0
RXN_8616,1,0,0,0,0,0,0,0
R00772,1,0,0,0,0,0,0,0
RXN_9563,1,0,0,0,0,0,0,0
RXN_11486,0,1,0,0,0,0,0,0
1_2_1_27_RXN,1,0,0,1,0,0,0,0
R01737,1,0,0,0,0,0,0,0
rxn_961,0,1,0,0,0,0,0,0
PHOSACETYLTRANS_RXN,1,0,0,0,0,0,0,0
NAG1P_URIDYLTRANS_RXN,1,0,0,0,0,0,0,0
RXN_7651,1,0,0,0,0,0,0,0
TRANSENOYLCOARED_RXN,0,0,0,0,1,0,0,0
1_1_1_264_RXN,1,0,0,0,0,0,0,0
3_2_1_48_RXN,1,0,0,0,0,0,0,0
H2NEOPTERINP3PYROPHOSPHOHYDRO_RXN,0,1,0,0,0,0,0,0
R15_RXN,1,0,0,0,0,0,0,0
PEROXID_RXN,1,0,0,0,0,0,0,0
GALACTOLIPASE_RXN,0,1,0,0,0,0,0,0
RXN_12460,1,0,0,0,0,0,0,0
PHOSCHOL_RXN,1,1,1,1,1,0,0,0
RXN_8389,1,1,0,0,0,0,0,0
GLUC1PADENYLTRANS_RXN,1,1,0,1,0,0,0,0
3_5_1_60_RXN,1,0,0,0,0,0,0,0
R01138,1,0,0,0,0,0,0,0
FORMYLTHFDEFORMYL_RXN,0,1,0,0,0,0,0,0
RXN_8149,1,0,0,1,0,0,0,0
RXN_8147,1,0,0,0,0,0,0,0
RXN_9663,0,1,0,1,0,0,0,0
RXN_1126,1,0,0,0,1,0,0,0
RXN_8813,0,1,0,0,0,0,0,0
RXN_8547,1,0,0,0,0,0,0,0
RXN_12204,1,1,0,0,0,0,0,0
VICIANIN_BETA_GLUCOSIDASE_RXN,1,0,0,0,0,0,0,0
RXN_12200,1,1,0,0,0,0,0,0
RXN_12203,1,0,0,0,0,0,0,0
METHIONINE_S_METHYLTRANSFERASE_RXN,1,0,0,0,0,0,0,0
RXN_9633,0,1,0,0,0,0,0,0
RXN_9632,0,1,0,0,0,0,0,0
RXN_9630,1,0,0,0,0,0,0,0
RXN_9635,0,1,0,0,0,0,0,0
RXN_9634,0,1,0,0,0,0,0,0
2_7_1_90_RXN,1,0,0,0,0,0,0,0
rxn_1603,0,1,0,0,0,0,0,0
3PGAREARR_RXN,1,0,0,0,0,0,0,0
RXN_12669,1,0,0,0,0,0,0,0
RXN_12519,0,0,0,0,1,0,0,0
RXN_12518,1,0,0,0,0,0,0,0
RXN_11316,1,0,0,0,0,0,0,0
mzrxn40,0,0,0,0,0,0,0,0
RXN_12510,1,0,0,0,0,0,0,0
mzrxn42,0,0,0,0,0,0,0,0
mzrxn43,0,0,0,0,0,0,0,0
mzrxn44,0,0,0,0,0,0,0,0
RXN_12846,1,0,0,0,0,0,0,0
RXN_12845,1,0,0,0,0,0,0,0
mzrxn47,0,0,0,0,0,0,0,0
RXN_9031,1,0,0,0,0,0,0,0
1_8_5_1_RXN,1,1,0,0,0,0,0,0
DXS_RXN,0,1,0,0,0,0,0,0
RXN_12681,1,0,0,0,0,0,0,0
RXN_12680,1,0,0,0,0,0,0,0
#NAME?,1,0,0,0,0,0,0,0
RXN_12686,1,1,0,0,0,0,0,0
GLUTDECARBOX_RXN,1,0,0,0,0,0,0,0
GPH_RXN,0,1,0,0,0,0,0,0
2_4_1_228_RXN,1,0,0,0,0,0,0,0
RXN_11268,1,0,0,0,1,0,0,0
RXN_11267,1,0,0,0,0,0,0,0
MR01075,1,0,0,0,0,0,0,0
RXN_14166,1,0,0,0,0,0,0,0
RXN_14167,1,0,0,0,0,0,0,0
RXN_14165,1,0,0,0,0,0,0,0
3_DEHYDROQUINATE_SYNTHASE_RXN,0,1,0,0,0,0,0,0
RXN_14168,1,0,0,0,0,0,0,0
GLYOHMETRANS_RXN,0,1,0,1,0,0,0,0
RXN_12280,1,0,0,0,0,0,0,0
MALONYL_COA_ACP_TRANSACYL_RXN,0,1,0,0,0,0,0,0
ENTDB_RXN,1,0,0,0,0,0,0,0
RXN_4444,1,0,0,0,0,0,0,0
CHALCONE_ISOMERASE_RXN,1,0,0,0,0,0,0,0
5_1_2_3_RXN,1,0,0,0,0,0,0,0
RXN_7739,0,1,0,0,0,0,0,0
tetracosanoatepro,0,0,0,0,0,0,0,0
AGMATINE_DEIMINASE_RXN,0,1,0,0,0,0,0,0
RXN1G_363,1,0,0,0,0,0,0,0
RXN_16099,1,0,0,0,0,0,0,0
ENOYL_COA_DELTA_ISOM_RXN,0,0,0,0,1,0,0,0
mzrxn,0,0,0,0,0,0,0,0
PHOSPHOLIPASE_C_RXN,0,1,0,0,0,0,0,0
DGDPKIN_RXN,0,1,0,0,0,0,0,0
RXN_5682,1,1,0,0,0,0,0,0
RXN_16097,0,0,1,0,0,0,0,0
TOCOPHEROL_O_METHYLTRANSFERASE_RXN,0,1,0,0,0,0,0,0
GLUCURONOKINASE_RXN,1,0,0,0,0,0,0,0
RIBULOSE_BISPHOSPHATE_CARBOXYLASE_RXN,0,1,0,0,0,0,0,0
RXN_18216,1,0,0,0,0,0,0,0
RXN_11881,1,0,0,0,0,0,0,0
RXN3O_54,1,0,0,0,0,0,0,0
ANTHRANILATE_N_METHYLTRANSFERASE_RXN,1,0,0,0,0,0,0,0
GLUTSEMIALDEHYDROG_RXN,1,1,0,1,0,0,0,0
UDP_GLUCURONATE_DECARBOXYLASE_RXN,1,0,0,0,0,0,0,0
1_1_1_210_RXN,1,0,0,0,0,0,0,0
ISOVALERYLCOA_DHLIPOAMIDE_RXN,1,0,0,0,0,0,0,0
NUCLEOSIDE_DIP_KIN_RXN,0,1,0,0,0,0,0,0
2_4_1_67_RXN,1,0,0,0,0,0,0,0
RXN_13309,1,0,0,0,0,0,0,0
RXN_13308,1,0,0,0,0,0,0,0
R07676,1,0,0,0,0,0,0,0
ADENPHOSPHOR_RXN,1,0,0,0,0,0,0,0
1_14_11_24_RXN,1,0,0,0,0,0,0,0
RXN_13303,1,0,0,0,0,0,0,0
RXN_13302,1,0,0,0,0,0,0,0
RXN_13301,1,0,0,0,0,0,0,0
RXN_13300,1,0,0,0,0,0,0,0
RXN_13307,1,0,0,0,0,0,0,0
RXN_13306,1,0,0,0,0,0,0,0
RXN_13305,1,0,0,0,0,0,0,0
RXN_13304,1,0,0,0,0,0,0,0
RXN66_477,1,0,0,0,0,0,0,0
RXN66_476,1,0,0,0,0,0,0,0
RXN66_472,1,0,0,0,0,0,0,0
2_3_1_135_RXN,1,0,0,0,0,0,0,0
RXN66_479,1,0,0,0,0,0,0,0
RXN66_478,1,0,0,0,0,0,0,0
ALDOSE1EPIM_RXN,1,0,0,0,0,0,0,0
CDPKIN_RXN,1,1,0,0,0,0,0,0
etr_quinols_c2,0,0,0,0,0,0,0,0
ASPARAGHYD_RXN,1,0,0,0,0,0,0,0
RXN_7248,1,1,0,0,0,0,0,0
RXN_7249,1,1,0,0,0,0,0,0
RXN_7245,1,1,0,0,0,0,0,0
RXN_7246,1,1,0,0,0,0,0,0
RXN_7247,1,1,0,0,0,0,0,0
RXN_7716,1,0,0,0,0,0,0,0
RXN_7241,0,1,0,0,0,0,0,0
RXN_7242,1,1,0,0,0,0,0,0
RXN_7243,1,1,0,0,0,0,0,0
RXN_6622,0,1,0,0,0,0,0,0
RXN66_28,1,0,1,0,0,0,0,0
SUGAR_PHOSPHATASE_RXN,0,1,0,0,0,0,0,0
RXN66_27,1,0,0,0,0,0,0,0
TRANSALDOL_RXN,0,1,0,0,0,0,0,0
2_1_1_60_RXN,1,0,0,0,0,0,0,0
R03014,1,0,0,0,0,0,0,0
3_6_1_17_RXN,1,0,0,0,0,0,0,0
R00769,1,0,0,0,0,0,0,0
RXN_8971,1,0,0,0,0,0,0,0
RXN_8976,0,1,0,0,0,0,0,0
RXN_8975,1,0,0,0,0,0,0,0
R342_RXN,1,0,0,0,0,0,0,0
RXN_9556,1,0,0,0,0,0,0,0
RXN_9557,1,0,0,0,0,0,0,0
RXN_9550,1,0,0,0,0,0,0,0
rxn_11887,1,0,0,0,0,0,0,0
RXN_9558,1,0,0,0,0,0,0,0
ASNSYNA_RXN,0,0,0,0,1,0,0,0
RXN_7669,1,0,0,0,0,0,0,0
CARBOXYLESTERASE_RXN,1,0,0,0,0,0,0,0
SULFATE_ADENYLYLTRANS_RXN,0,1,0,0,0,0,0,0
squalene_monooxygenase_rxn,1,0,0,0,0,0,0,0
RXN_7663,0,1,0,0,0,0,0,0
RXN_9952,1,1,0,1,1,0,0,0
RXN_7648,0,1,0,0,0,0,0,0
RXN_9951,0,0,0,1,0,0,0,0
3_5_5_1_RXN,0,1,0,0,0,0,0,0
RXN0_6491,0,1,0,0,0,0,0,0
PELUDP_RXN,1,0,0,0,0,0,0,0
RXN_8773,1,0,0,0,0,0,0,0
CARBPSYN_RXN,0,1,0,1,0,0,0,0
RXN_12473,1,0,0,0,0,0,0,0
R00945,0,1,0,0,0,0,0,0
R00946,0,1,0,0,0,0,0,0
RXN_8151,1,0,0,0,0,0,0,0
RXN_8152,1,0,0,0,0,0,0,0
RXN_8155,1,0,0,0,0,0,0,0
PRPPSYN_RXN,1,1,0,0,0,0,0,0
NUCLEOSIDE_DIPHOSPHATASE_RXN,1,0,0,0,0,0,0,0
rxn_8025,0,1,0,0,0,0,0,0
NADPYROPHOSPHAT_RXN,1,0,0,0,0,0,0,0
rxn_8026,0,1,0,0,0,0,0,0
RXN_12078,1,0,0,0,0,0,0,0
PHOSPHASERSYN_RXN,0,1,0,0,0,0,0,0
ACYLACPSYNTH_RXN,0,1,0,0,0,0,0,0
sedobisaldol_rxn,0,1,0,0,0,0,0,0
RXN_12070,0,0,0,1,0,0,0,0
GABATRANSAM_RXN,1,1,0,1,0,0,0,0
RXN_9825,1,0,0,0,0,0,0,0
MALATE_DEHYDROGENASE_NADP+_RXN,1,1,0,1,1,0,0,0
RXN_7647,0,1,0,0,0,0,0,0
3_2_1_18_RXN,1,0,0,0,0,0,0,0
1_2_4_4_RXN,1,0,0,0,0,0,0,0
METHYLGLUTACONYL_COA_HYDRATASE_RXN,0,0,0,1,0,0,0,0
L_LACTATE_DEHYDROGENASE_RXN,1,0,0,1,1,0,0,0
RXN_5822,1,1,0,0,0,0,0,0
1_18_1_2_RXN,0,0,0,0,0,0,0,0
RXN_9603,1,0,0,0,0,0,0,0
RXN_9601,0,1,0,0,0,0,0,0
RXN_1381,0,1,0,0,0,0,0,0
PRPPAMIDOTRANS_RXN,0,1,0,0,0,0,0,0
RXN0_5225,1,0,0,0,0,0,0,0
RXN0_5224,1,1,0,1,0,0,0,0
5_METHYLTHIORIBOSE_KINASE_RXN,1,0,0,0,0,0,0,0
RXN_11368,1,0,0,0,0,0,0,0
RXN_12673,1,0,0,0,0,0,0,0
RXN_9733,0,1,0,0,0,0,0,0
R147_RXN,1,0,0,0,0,0,0,0
ACETATE__COA_LIGASE_RXN,0,1,0,0,1,0,0,0
RXN_11322,1,0,0,0,0,0,0,0
4_6_1_11_RXN,1,0,0,0,0,0,0,0
RXN_12698,1,0,0,0,0,0,0,0
STRICTOSIDINE_SYNTHASE_RXN,1,0,1,0,0,1,0,0
RXN_12693,1,1,0,0,1,0,0,0
THYMIDYLATESYN_RXN,0,1,0,0,0,0,0,0
RXN_12696,1,0,0,0,0,0,0,0
RXN_12694,0,1,0,0,0,0,0,0
R03140,0,1,0,0,0,0,0,0
SPHINGANINE_KINASE_RXN,1,0,0,0,0,0,0,0
RXN0_4401,1,0,0,0,0,0,0,0
BETA_LACTAMASE_RXN,1,0,0,0,0,0,0,0
INORGPYROPHOSPHAT_RXN,0,1,0,0,0,0,0,0
RXN_11524,1,0,0,0,0,0,0,0
ACETOOHBUTSYN_RXN,0,1,0,0,0,0,0,0
RXN_10699,0,0,0,0,1,0,0,0
NADPH_DEHYDROGENASE_FLAVIN_RXN,1,0,0,0,0,0,0,0
RXN_10692,1,0,0,0,0,0,0,0
RXN_10693,1,0,0,0,0,0,0,0
RXN_10696,0,0,0,0,1,0,0,0
RXN_10697,0,0,0,0,1,0,0,0
RXN_10698,0,0,0,0,1,0,0,0
4_2_1_59_RXN,0,1,0,0,0,0,0,0
R02941,0,1,0,0,0,0,0,0
2_1_1_79_RXN,0,0,1,1,0,0,0,0
RXN_14994,1,0,0,0,0,0,0,0
PALMITOYL_COA_HYDROLASE_RXN,0,1,0,0,0,0,0,0
RXN_2621,1,0,0,0,0,0,0,0
RXN_2622,1,0,0,0,0,0,0,0
salicyl_alcohol_glucosyltransferase_rxn,0,1,0,0,0,0,0,0
RXN_2561,0,1,0,0,0,0,0,0
CYTOCHROME_C_OXIDASE_RXN,0,0,0,0,0,0,0,0
RXN1F_10,0,1,0,0,0,0,0,0
FUCOKINASE_RXN,1,1,0,1,1,0,0,0
RXN1F_19,0,1,0,0,0,0,0,0
DIHYDROXYISOVALDEHYDRAT_RXN,0,1,0,0,0,0,0,0
3_1_3_76_RXN,1,0,0,0,0,0,0,0
F16BDEPHOS_RXN,1,1,0,0,0,0,0,0
RXN_14932,1,0,0,0,0,0,0,0
MBCOA_DHLIPOAMIDE_RXN,1,0,0,0,0,0,0,0
AMINEOXID_RXN,1,0,0,0,0,0,0,0
RXN_14208,1,0,0,0,0,0,0,0
RXN_6724,1,1,0,0,0,0,0,0
2_3_1_92_RXN,1,1,0,0,1,0,0,0
RXN_14201,1,1,0,0,0,0,0,0
RXN_6723,1,0,0,0,0,0,0,0
2_6_1_57_RXN,1,0,0,0,0,0,0,0
RXN0_2301,1,0,0,0,0,0,0,0
MMUM_RXN,1,0,0,0,0,0,0,0
RXN0_5433,1,1,0,0,0,0,0,0
R00571,1,0,0,0,0,0,0,0
GTP_CYCLOHYDRO_I_RXN,0,1,0,0,0,0,0,0
1_1_1_8_RXN,1,1,0,0,1,0,0,0
R00372,0,1,0,0,0,0,0,0
PROTOHEMEFERROCHELAT_RXN,0,1,0,0,0,0,0,0
MR00367,1,0,0,0,0,0,0,0
RXN_13822,1,0,1,1,0,0,0,0
METHYLCROTONYL_COA_CARBOXYLASE_RXN,0,0,0,1,0,0,0,0
RXN_18178,1,0,0,0,0,0,0,0
RXN_1841,1,0,0,0,0,0,0,0
RXN_13642,1,0,0,0,0,0,0,0
RXN_13643,1,0,0,0,0,0,0,0
RXN_13641,0,1,0,0,0,0,0,0
RXN_6384,0,0,0,0,1,0,0,0
SARCOX_RXN,1,1,0,0,1,0,0,0
RXN_6383,0,0,0,0,1,0,0,0
RXN66_469,1,0,0,0,0,0,0,0
RXN_2541,0,1,0,0,0,0,0,0
RXN_2542,0,1,0,0,0,0,0,0
RXN_2543,0,1,0,0,0,0,0,0
NARINGENIN_3_DIOXYGENASE_RXN,1,1,0,0,0,0,0,0
L_ARABINOKINASE_RXN,1,0,0,0,0,0,0,0
HISTIDINE_DECARBOXYLASE_RXN,1,0,0,0,0,0,0,0
R05604,1,0,0,0,0,0,0,0
3_1_1_81_RXN,1,0,0,0,0,0,0,0
RXN_4723,0,1,0,0,0,0,0,0
SCOPOLETIN_GLUCOSYLTRANSFERASE_RXN,0,0,1,0,0,0,0,0
UDPREDUCT_RXN,0,1,0,0,0,0,0,0
R07484,1,0,0,0,0,0,0,0
R07486,1,0,0,0,0,0,0,0
RXN_7253,1,1,0,0,0,0,0,0
RXN_7700,0,1,0,0,0,0,0,0
RXN_7251,1,1,0,0,0,0,0,0
RXN_7250,1,1,0,0,0,0,0,0
RIBOPHOSPHAT_RXN,0,1,0,0,0,0,0,0
2_7_1_152_RXN,1,0,0,0,0,0,0,0
CYCLOARTENOL_SYNTHASE_RXN,1,0,0,0,0,0,0,0
ESTRADIOL_17_BETA_DEHYDROGENASE_RXN,1,0,0,0,0,0,0,0
PORPHOBILSYNTH_RXN,0,1,0,0,0,0,0,0
RXN3DJ_11417,1,0,0,0,0,1,0,0
PHOSPHATIDYLINOSITOL_3_PHOSPHATASE_RXN,1,0,0,0,0,0,0,0
THIAZOLSYN3_RXN,0,1,0,0,0,0,0,0
2_4_2_38_RXN,1,0,0,0,0,0,0,0
3_1_2__RX,0,0,0,0,0,0,0,0
12_ALPHA_L_FUCOSIDASE_RXN,1,0,0,0,0,0,0,0
RXN_8014,0,0,0,1,0,0,0,0
2_5_1_43_RXN,1,0,0,0,0,0,0,0
N_CARBAMOYLSARCOSINE_AMIDASE_RXN,1,0,0,0,0,0,0,0
R06284,0,1,0,0,0,0,0,0
RXN_7674,0,1,0,0,0,0,0,0
RXN_7679,0,1,0,0,0,0,0,0
RXN_7678,0,1,0,0,0,0,0,0
XYLISOM_RXN,1,0,0,0,0,0,0,0
RXN_600,1,0,0,0,1,0,0,0
RXN_9944,0,1,0,0,0,0,0,0
RXN_602,1,0,0,0,0,0,0,0
2_5_1_32_RXN,0,1,0,0,0,0,0,0
RXN_8495,1,0,0,0,0,0,0,0
SUCCINATE_SEMIALDEHYDE_DEHYDROGENASE_RXN,0,0,0,1,0,0,0,0
RXNQT_4328,1,0,0,0,0,0,0,0
PREPHENATE_TRANSAMINE_RXN,1,1,0,0,0,0,0,0
2_3_1_43_RXN,1,0,0,0,0,0,0,0
RXNQT_4325,1,0,0,0,0,0,0,0
RXNQT_4324,1,0,0,0,0,0,0,0
RXNQT_4327,1,0,0,0,0,0,0,0
RXNQT_4326,1,0,0,0,0,0,0,0
RXN_12195,1,1,0,0,0,0,0,0
FLAVONOID_3_MONOOXYGENASE_RXN,1,0,0,0,0,0,0,0
RXN_12197,1,1,0,1,0,0,0,0
RXN_12196,1,0,0,1,1,0,0,0
LONG_CHAIN_ALCOHOL_OXIDASE_RXN,1,0,0,0,0,0,0,0
GAPOXNPHOSPHN_RXN,1,1,0,0,0,0,0,0
RXN_12199,1,1,1,1,0,0,0,0
RXN_12198,1,1,0,1,0,0,0,0
RXN_16786,1,0,0,0,0,0,0,0
RXN_1623,1,1,1,1,1,0,0,0
HOMOGENTISATE_12_DIOXYGENASE_RXN,1,0,0,0,0,0,0,0
GUANINE_DEAMINASE_RXN,1,0,0,0,0,0,0,0
RXN_12042,1,0,0,0,0,0,0,0
2_3_1_75_RXN,1,0,0,0,0,0,0,0
DIPHOSPHOMEVALONTE_DECARBOXYLASE_RXN,1,0,0,0,0,0,0,0
RXN_9549,1,1,0,1,1,0,0,0
RXN_9548,0,1,0,0,0,0,0,0
1_14_11_18_RXN,1,0,0,0,0,0,0,0
3_OXOACYL_ACP_SYNTH_BASE_RXN,0,1,0,0,0,0,0,0
RXN_9540,0,1,0,0,0,0,0,0
RXN_9545,1,0,0,0,0,0,0,0
ATP_PYROPHOSPHATASE_RXN,0,1,0,1,0,0,0,0
RXN_9614,1,1,0,0,0,0,0,0
RXN_9616,1,0,0,0,0,0,0,0
ASNSYNB_RXN,1,0,0,0,0,0,0,0
R01577,1,0,0,0,0,0,0,0
RXN_8233,1,0,0,0,1,0,0,0
ALLANTOINASE_RXN,0,0,0,0,1,0,0,0
2_7_1_133_RXN,1,0,0,0,0,0,0,0
SIALATE_O_ACETYLESTERASE_RXN,1,0,0,0,0,0,0,0
3_1_1_74_RXN,1,0,0,0,0,0,0,0
R01081,1,0,0,0,0,0,0,0
1_8_4_9_RXN,0,1,0,0,0,0,0,0
ETHANOLAMINEPHOSPHOTRANSFERASE_RXN,1,0,0,0,0,0,0,0
R02260,1,0,0,0,0,0,0,0
RXN_9725,1,0,0,0,0,0,0,0
RXN_9724,1,0,0,0,0,0,0,0
RXN_9723,1,0,0,0,0,0,0,0
R223_RXN,1,0,0,0,0,0,0,0
2_4_1_214_RXN,1,0,0,0,0,0,0,0
RXN_11623,1,0,0,0,0,0,0,0
AMYGDALIN_BETA_GLUCOSIDASE_RXN,1,0,0,0,0,0,0,0
RXN_2944,1,0,0,0,0,0,0,0
1_1_1_34_RXN,1,1,0,0,0,0,0,0
CDP_GLYCEROL_PYROPHOSPHATASE_RXN,1,0,0,0,0,0,0,0
glycerate_dehydrogenase_rxn,0,1,0,0,0,0,0,0
6_BETA_HYDROXYHYOSCYAMINE_EPOXIDASE_RXN,1,0,0,0,0,0,0,0
3_6_3_4_RXN,0,0,0,0,0,0,0,0
H2PTEROATESYNTH_RXN,0,1,0,1,0,0,0,0
RXN0_1321,1,0,0,0,0,0,0,0
RXN_1442,1,0,0,0,0,0,0,0
RXN_1443,1,0,0,0,0,0,0,0
RXN_1444,1,0,0,0,0,0,0,0
rxn_1062,0,1,0,0,0,0,0,0
RXN_11241,1,0,0,0,0,0,0,0
rxn_1065,0,1,0,0,0,0,0,0
3_1_4_11_RXN,1,1,1,0,0,0,0,0
RXN_16761,1,0,0,0,0,0,0,0
RXN_12226,1,0,0,0,0,0,0,0
2_4_1_122_RXN,1,0,0,0,0,0,0,0
PYRIMSYN3_RXN,0,1,0,0,0,0,0,0
S_FORMYLGLUTATHIONE_HYDROLASE_RXN,1,0,0,0,0,0,0,0
RXN_11756,1,0,0,0,0,0,0,0
RXN_11757,1,0,0,0,0,0,0,0
RXN_11754,1,0,0,0,0,0,0,0
PHOSGLYPHOS_RXN,1,1,0,0,0,0,0,0
RXN_1143,1,0,0,1,0,0,0,0
RXN_1142,1,0,0,1,0,0,0,0
BUTYRATE__COA_LIGASE_RXN,1,0,0,0,0,0,0,0
TREHALOSE6PSYN_RXN,1,0,0,0,0,0,0,0
RXN_4264,1,0,0,0,0,0,0,0
RXN0_5055,0,1,0,1,0,0,0,0
RXN_10756,1,0,0,0,0,0,0,0
RXN1G_349,1,0,0,0,0,0,0,0
RXN1F_20,0,1,0,1,0,0,0,0
3_1_3_68_RXN,1,0,0,0,0,0,0,0
UREASE_RXN,1,1,0,0,1,0,0,0
2_4_1_126_RXN,1,0,1,0,0,0,0,0
RXN_2761,1,0,0,0,0,0,0,0
RXN_2762,0,1,0,0,0,0,0,0
R00021,0,1,0,0,0,0,0,0
GUANIDINOBUTANAMIDE_NH3_RXN,0,1,0,0,0,0,0,0
2_4_1_37_RXN,1,0,0,0,0,0,0,0
IMP_DEHYDROG_RXN,1,1,0,0,0,0,0,0
RXN_14922,1,0,0,0,0,0,0,0
RXN_14921,1,0,0,0,0,0,0,0
RXN_7842,1,0,0,0,0,0,0,0
RXN_7843,1,0,0,0,0,0,0,0
RXN_14929,1,0,0,0,0,0,0,0
1_1_1_39_RXN,0,0,0,1,0,0,0,0
GLUCOSAMINEPNACETYLTRANS_RXN,1,0,0,0,0,0,0,0
2_7_7_14_RXN,1,0,0,0,0,0,0,0
GLUTAMATE_N_ACETYLTRANSFERASE_RXN,0,1,0,0,0,0,0,0
4_2_1_107_RXN,1,0,0,0,0,0,0,0
2_1_1_103_RXN,1,0,0,0,0,0,0,0
DCDPKIN_RXN,1,1,0,0,0,0,0,0
RXN1F_28,1,0,0,0,0,0,0,0
3_HYDROXYPROPIONATE_DEHYDROGENASE_RXN,0,0,0,0,1,0,0,0
RXN_9659,0,1,0,0,0,0,0,0
RXN_14326,1,0,0,0,0,0,0,0
PMPOXI_RXN,0,1,0,0,0,0,0,0
ARGSUCCINLYA_RXN,1,1,0,0,0,0,0,0
RXN66_321,1,0,0,0,0,0,0,0
RXN66_323,0,1,0,1,1,0,0,0
SUCCINATE_DEHYDROGENASE_UBIQUINONE_RXN,0,0,0,1,0,0,0,0
DADPKIN_RXN,0,1,0,0,0,0,0,0
RXN_3142,1,1,0,0,0,0,0,0
RXN_14454,1,0,0,0,0,0,0,0
RXN_6722,1,0,0,0,0,0,0,0
3_1_3_56_RXN,0,1,0,0,0,0,0,0
4_2_3_19_RXN,0,1,0,0,0,0,0,0
2_1_1_128_RXN,1,0,0,0,0,0,0,0
RXN_10974,1,0,0,0,0,0,0,0
GERANYL_DIPHOSPHATE_CYCLASE_RXN,0,1,0,0,0,0,0,0
RXN_10971,1,0,0,0,0,0,0,0
RXN_10973,1,0,0,0,0,0,0,0
RXN_10972,1,0,0,0,0,0,0,0
RXN_10979,1,0,0,0,0,0,0,0
1_8_98_2_RXN,1,0,0,0,0,0,0,0
etr_quinones_c2,0,0,0,0,0,0,0,0
RXN_4735,0,1,0,0,0,0,0,0
RXN_11479,1,0,0,0,0,0,0,0
ENOYL_COA_HYDRAT_RXN,0,0,0,0,1,0,0,0
PANTEPADENYLYLTRAN_RXN,0,1,0,0,0,0,0,0
L_ASPARTATE_OXID_RXN,1,1,0,0,0,0,0,0
3_HYDROXYISOBUTYRATE_DEHYDROGENASE_RXN,0,0,0,1,1,0,0,0
RXN_6642,1,0,0,0,0,0,0,0
RXN_6641,0,0,0,0,0,1,0,0
RXN66_526,1,0,0,0,0,0,0,0
CYTOKININ_7_BETA_GLUCOSYLTRANSFERASE_RXN,1,0,0,0,0,0,0,0
23_DIMETHYLMALATE_LYASE_RXN,0,1,0,0,0,0,0,0
2_7_7_15_RXN,1,1,0,0,0,0,0,0
OHMETHYLBILANESYN_RXN,0,1,0,0,0,0,0,0
ARYL_ALCOHOL_DEHYDROGENASE_NADP+_RXN,1,0,0,0,0,0,0,0
RXN_7461,1,0,0,0,0,0,0,0
RXN_8001,1,0,0,0,0,0,0,0
PNPOXI_RXN,0,1,0,0,0,0,0,0
H2NEOPTERINALDOL_RXN,0,1,0,0,0,0,0,0
RXN_7607,1,1,0,0,0,0,0,0
2_4_1_114_RXN,0,1,0,0,0,0,0,0
URIDINE_NUCLEOSIDASE_RXN,1,1,0,0,0,0,0,0
RXN_3562,1,0,0,0,0,0,0,0
METHYLACETOACETYLCOATHIOL_RXN,1,0,0,1,1,0,0,0
3_2_1_23_RXN,1,0,0,0,0,0,0,0
TIGLYLCOA_HYDROXY_RXN,0,0,0,1,1,0,0,0
RXNDQC_2,1,0,1,0,1,0,0,0
GUANYLCYC_RXN,0,0,1,0,0,0,0,0
RXN_12184,1,0,0,0,0,0,0,0
RXN0_5330,0,0,0,1,0,0,0,0
RXN_8134,1,0,0,0,0,0,0,0
2_7_1_140_RXN,1,0,0,0,0,0,0,0
RXN_8139,1,0,0,0,0,0,0,0
INOPHOSPHOR_RXN,0,1,0,0,1,0,0,0
RXN_9847,1,0,0,0,0,0,0,0
RXN_709,0,1,0,1,0,0,0,0
RXN_8450,1,0,0,0,0,0,0,0
DIHYDRODIPICSYN_RXN,0,1,0,0,0,0,0,0
RXN_9539,0,1,0,0,0,0,0,0
RXN_9536,0,1,0,0,0,0,0,0
RXN_9537,0,1,0,0,0,0,0,0
LUMAZINESYN_RXN,0,1,0,0,0,0,0,0
RXN_9532,0,1,0,0,0,0,0,0
RXN_9533,0,1,0,0,0,0,0,0
RXN_9664,1,0,0,0,0,0,0,0
RXN_9666,1,1,0,0,0,0,0,0
RXN_9660,0,1,0,0,0,0,0,0
RXN_9661,0,1,0,0,0,0,0,0
RXN_9662,0,1,0,0,0,0,0,0
RXN_9191,0,1,0,0,0,0,0,0
TROPINESTERASE_RXN,1,0,0,0,0,0,0,0
1_1_3_37_RXN,1,0,0,0,0,0,0,0
THIOESTER_RXN,0,0,0,1,0,0,0,0
1_14_13_71_RXN,1,0,0,0,0,0,0,0
RXN_9282,1,0,0,0,0,0,0,0
RXN_9280,1,0,0,0,0,0,0,0
RXN_9281,1,0,0,0,0,0,0,0
RXN_9287,1,0,0,0,0,0,0,0
RXN_12521,0,0,0,0,1,0,0,0
L_IDITOL_2_DEHYDROGENASE_RXN,1,0,0,0,0,0,0,0
TRIOSEPISOMERIZATION_RXN,1,1,0,0,0,0,0,0
SINAPATE_1_GLUCOSYLTRANSFERASE_RXN,1,1,0,0,1,0,0,0
3_HYDROXBUTYRYL_COA_DEHYDRATASE_RXN,0,0,0,0,1,0,0,0
R03928,1,0,0,0,0,0,0,0
ALDOSE_1_EPIMERASE_RXN,1,1,0,0,0,0,0,0
RXN_5286,0,1,0,0,0,0,0,0
R01217,0,1,0,0,0,0,0,0
RXN_5285,0,1,0,0,0,0,0,0
RXN_5282,0,1,0,0,0,0,0,0
RXN0_5116,1,0,0,0,0,0,0,0
RXN0_5114,0,1,0,0,0,0,0,0
N_ACETYLGLUTPREDUCT_RXN,0,1,0,0,0,0,0,0
RXN_3601,1,0,0,0,0,0,0,0
FARNESYLTRANSTRANSFERASE_RXN,0,1,0,0,0,0,0,0
KDO_8PSYNTH_RXN,0,1,0,0,0,0,0,0
RXN_11501,0,1,0,1,0,0,0,0
RXN_15881,1,0,0,0,0,0,0,0
5_3_1_23_RXN,1,0,0,0,0,0,0,0
3_2_1_65_RXN,1,0,0,0,0,0,0,0
RXN_12981,1,0,0,0,0,0,0,0
DIHYDROOROTATE_DEHYDROGENASE_RXN,1,0,0,0,0,0,0,0
DIHYDROKAEMPFEROL_4_REDUCTASE_RXN,1,0,0,0,0,0,0,0
L_3_CYANOALANINE_SYNTHASE_RXN,1,0,0,0,0,0,0,0
RXN_11760,1,0,0,0,0,0,0,0
RXN_16999,1,1,0,0,0,0,0,0
FRUCTOKINASE_RXN,1,1,0,1,0,0,0,0
DARAB5PISOM_RXN,1,0,0,0,0,0,0,0
RXN_969,0,1,0,0,1,0,0,0
HYDROXYPHENYLPYRUVATE_REDUCTASE_RXN,1,0,0,0,0,0,0,0
GPPSYN_RXN,0,1,0,0,0,0,0,0
TRYPTOPHAN_AMINOTRANSFERASE_RXN,1,1,0,0,0,0,0,0
2_METHYLACYL_COA_DEHYDROGENASE_RXN,1,0,0,0,0,0,0,0
RXN_10741,1,0,0,0,0,0,0,0
RXN_10747,1,0,0,1,0,0,0,0
RXN_10745,1,1,0,0,1,0,0,0
RXN_10749,1,0,0,0,0,0,0,0
PEPCARBOXYKIN_RXN,1,0,0,0,0,0,0,0
2_4_1_224_RXN,1,0,0,0,0,0,0,0
RXN_14046,0,1,0,0,0,0,0,0
RXN0_1001,1,1,0,0,0,0,0,0
2_3_1_133_RXN,1,0,0,0,0,0,0,0
UROGENDECARBOX_RXN,0,1,0,0,0,0,0,0
3_2_1_7_RXN,1,0,0,0,0,0,0,0
rxn_260,0,0,0,0,0,0,0,0
ACSERLY_RXN,0,1,0,0,0,0,0,0
2_7_7_1_RXN,1,0,0,0,0,0,0,0
RXN_14919,1,0,0,0,0,0,0,0
RXN_14918,0,1,0,0,0,0,0,0
RXN0_949,1,0,0,0,0,0,0,0
1_1_1_288_RXN,0,1,0,0,0,0,0,0
RXN_14912,1,0,0,0,0,0,0,0
R04020,0,1,0,0,0,0,0,0
RXN0_947,1,1,0,1,0,0,0,0
RXN_14917,1,0,0,0,0,0,0,0
RXN_7855,1,0,0,0,0,0,0,0
RXN_7854,1,0,0,0,0,0,0,0
rxn_9807,0,1,0,0,0,0,0,0
RXN_6381,0,0,0,1,0,0,0,0
2_3_1_168_RXN,1,0,0,0,0,0,0,0
2_4_1_134_RXN,0,1,1,1,0,0,0,0
RIBOFLAVINSYNREDUC_RXN,0,1,0,0,0,0,0,0
R222_RXN,0,0,0,1,0,0,0,0
THIOL_S_METHYLTRANSFERASE_RXN,1,0,0,0,0,0,0,0
3_1_2_14_RXN,0,1,0,1,0,0,0,0
ARGINASE_RXN,1,0,0,0,0,0,0,0
R08160,0,1,0,0,0,0,0,0
RXN_11963,1,0,0,0,0,0,0,0
RXN_13803,1,0,0,0,0,0,0,0
RXN_13805,1,0,0,0,0,0,0,0
RXN1F_357,1,0,0,0,0,0,0,0
GLUTAMATE_FORMIMINOTRANSFERASE_RXN,1,0,0,0,0,0,0,0
2_7_1_68_RXN,0,1,0,0,0,0,0,0
4_4_1_14_RXN,0,1,0,0,1,0,0,0
R07135,1,0,0,0,0,0,0,0
RXN_2562,0,1,0,0,0,0,0,0
OXALODECARB_RXN,0,1,0,0,1,0,0,0
2_4_1_225_RXN,1,0,0,0,0,0,0,0
O_SUCCHOMOSERLYASE_RXN,1,1,0,0,0,0,0,0
RXN_12088,1,0,0,0,0,0,0,0
R01993,0,1,0,0,0,0,0,0
TRANS_CINNAMATE_2_MONOOXYGENASE_RXN,0,1,0,0,0,0,0,0
3_1_3_46_RXN,1,0,0,0,0,0,0,0
SPHINGANINE_1_PHOSPHATE_ALDOLASE_RXN,0,0,1,0,0,0,0,0
LYSDECARBOX_RXN,0,1,0,0,0,0,0,0
RXN_3284,1,0,0,0,0,0,0,0
2_4_99_8_RXN,1,0,0,0,0,0,0,0
R06602,0,1,0,0,0,0,0,0
DUTP_PYROP_RXN,0,1,0,0,0,0,0,0
3_2_1_50_RXN,0,0,0,0,0,1,0,0
OHACYL_COA_DEHYDROG_RXN,0,0,0,0,1,0,0,0
PROCOLLAGEN_LYSINE_5_DIOXYGENASE_RXN,1,0,0,1,0,0,0,0
1_5_1_8_RXN,1,0,0,0,0,0,0,0
CARVEOL_DEHYDROGENASE_RXN,1,0,0,0,0,0,0,0
RXN_8036,0,1,0,0,0,0,0,0
RXN_8037,0,1,0,0,0,0,0,0
RXN_8035,1,0,0,0,0,0,0,0
GLUTAMIN_RXN,1,0,0,0,0,0,0,0
RXN_7614,1,0,0,0,0,0,0,0
RXN_13112,1,0,0,0,0,0,0,0
2_4_1_43_RXN,1,0,0,0,0,0,0,0
2_3_1_103_RXN,1,0,0,0,0,0,0,0
3_1_1_82_RXN,1,1,1,0,0,0,0,0
RXNQT_4301,0,1,0,0,0,0,0,0
RXNQT_4300,0,1,0,0,0,0,0,0
SEDOHEPTULOSE_BISPHOSPHATASE_RXN,1,1,0,0,0,0,0,0
RXN_14100,1,0,0,0,0,0,0,0
RXN_15458,1,0,0,0,0,0,0,0
RXN_9985,1,0,0,0,0,0,0,0
R00850,1,0,0,0,0,0,0,0
RXN_9989,1,0,0,0,0,0,0,0
RXN_8453,1,0,0,0,0,0,0,0
RXN_8455,1,0,0,0,0,0,0,0
3_2_1_52_RXN,1,0,0,0,0,0,0,0
RXN_10629,1,0,0,0,0,0,0,0
AMYLOMALT_RXN,0,1,0,0,0,0,0,0
rxn_8074,0,1,0,0,0,0,0,0
MALIC_NADP_RXN,1,1,0,1,0,0,0,0
ACYLGLYCERONE_PHOSPHATE_REDUCTASE_RXN,1,0,0,0,1,0,0,0
THIOL_OXIDASE_RXN,1,0,0,0,0,0,0,0
2_4_1_198_RXN,1,0,0,0,0,0,0,0
RXN_8850,0,1,0,0,0,0,0,0
RXN_9528,0,1,0,0,0,0,0,0
RXN_9524,0,1,0,0,0,0,0,0
LEUKOTRIENE_A4_HYDROLASE_RXN,0,0,1,0,0,0,0,0
RXN_9520,1,1,0,1,1,0,0,0
RXN_12730,1,0,0,0,0,0,0,0
RXN_9674,0,1,0,0,0,0,0,0
RXN_9673,0,1,0,0,0,0,0,0
RXN_12089,1,0,0,0,0,0,0,0
RXN_9670,0,1,0,0,0,0,0,0
RXN_12086,0,1,0,0,0,0,0,0
R01519,1,0,0,0,0,0,0,0
GUANYL_KIN_RXN,1,0,0,0,0,0,0,0
RXN_3765,1,0,0,0,0,0,0,0
RXN_3761,1,0,0,0,0,0,0,0
4_1_99_4_RXN,0,1,0,0,0,0,0,0
2_7_8_23_RXN,0,1,0,0,0,0,0,0
PNP_RXN,1,0,0,0,0,0,0,0
R01982,1,0,0,0,0,0,0,0
RXN_6883,0,1,0,1,0,0,0,0
RXN_17107,1,0,0,0,0,0,0,0
RXN_12428,1,0,0,0,0,0,0,0
PYRUVATE_CARBOXYLASE_RXN,0,1,1,1,0,0,0,0
L_ASCORBATE_PEROXIDASE_RXN,1,1,0,0,1,0,0,0
SPERMACTRAN_RXN,1,0,0,0,0,0,0,0
HOMOCYSMET_RXN,1,1,0,0,0,0,0,0
RXN_11190,1,0,0,0,0,0,0,0
PYRUVATE_DECARBOXYLASE_RXN,1,0,0,0,0,0,0,0
2_7_7_60_RXN,0,1,0,0,0,0,0,0
MYO_INOSITOL_1_PHOSPHATE_SYNTHASE_RXN,1,1,0,0,0,0,0,0
2_4_1_185_RXN,0,0,1,0,0,0,0,0
D_LACTATE_DEHYDROGENASE_CYTOCHROME_RXN,1,0,0,0,0,0,0,0
RXN_12420,1,0,0,0,0,0,0,0
PHOSPHOENOLPYRUVATE_PHOSPHATASE_RXN,1,1,0,0,0,0,0,0
RXN_2962,1,0,0,0,0,0,0,0
1_3_7_4_RXN,0,1,0,0,0,0,0,0
3_DEHYDROQUINATE_DEHYDRATASE_RXN,1,1,0,0,0,0,0,0
2_4_1_159_RXN,1,0,0,0,0,0,0,0
AMINOACYLASE_RXN,1,0,0,0,0,0,0,0
THIAMINASE_RXN,0,0,0,1,0,0,0,0
GLUCURONOXYLAN_4_O_METHYLTRANSFERASE_RXN,0,0,1,0,0,0,0,0
1_14_99_30_RXN,0,1,0,0,0,0,0,0
CERAMIDASE_RXN,1,0,0,0,0,0,0,0
RXN_7919,1,0,0,0,0,0,0,0
rxn_13046,0,1,0,0,0,0,0,0
UDPHYDROXYMYRGLUCOSAMNACETYLTRANS_RXN,1,0,0,0,0,0,0,0
RXN_10773,1,0,0,0,0,0,0,0
RXN_15326,0,0,1,0,0,1,0,0
RXN_11358,1,0,0,0,0,0,0,0
RXN_11359,1,0,0,0,0,0,0,0
RXN_11354,0,1,0,0,0,0,0,0
RXN_11355,0,1,0,0,0,0,0,0
RXN0_882,0,1,0,0,0,0,0,0
RXN_10005,1,0,0,0,0,0,0,0
GLYCPDIESTER_RXN,0,0,1,0,0,0,0,0
GLUCOSE_6_PHOSPHATASE_RXN,1,0,0,0,0,0,0,0
R07396,1,0,0,0,0,0,0,0
DXPREDISOM_RXN,0,1,0,0,0,0,0,0
DIAMINOPIMEPIM_RXN,0,1,0,0,0,0,0,0
UDP_GLUCOSE_46_DEHYDRATASE_RXN,1,0,0,0,0,0,0,0
BRANCHED_CHAINAMINOTRANSFERLEU_RXN,0,1,0,1,0,0,0,0
RXN_2982,1,0,0,0,0,0,0,0
DAHPSYN_RXN,0,1,0,0,0,0,0,0
NADPH__FERRIHEMOPROTEIN_REDUCTASE_RXN,1,0,0,0,0,0,0,0
RXN_14903,1,1,0,0,1,0,0,0
ISOPIPERITENOL_DEHYDROGENASE_RXN,1,0,0,0,0,0,0,0
ADPREDUCT_RXN,1,0,0,0,0,0,0,0
N_CARBAMOYLPUTRESCINE_AMIDASE_RXN,0,1,0,0,0,0,0,0
RXNARA_8002_2,1,0,0,0,0,0,0,0
RXN_7644,1,0,0,0,0,0,0,0
FGAMSYN_RXN,0,1,0,0,0,0,0,0
PREPHENATEDEHYDRAT_RXN,0,1,0,0,0,0,0,0
AMPSYN_RXN,0,1,0,1,0,0,0,0
2_1_1_142_RXN,1,0,0,0,0,0,0,0
PNKIN_RXN,0,1,0,0,0,0,0,0
CHLORIDE_PEROXIDASE_RXN,1,0,0,0,0,0,0,0
TROPINONE_REDUCTASE_RXN,1,0,0,0,0,0,0,0
GUANOSINE_DEAMINASE_RXN,1,0,0,0,0,0,0,0
2_7_1_139_RXN,1,0,0,0,0,0,0,0
LACCASE_RXN,1,0,0,0,0,0,0,0
DTMPKI_RXN,0,1,0,0,0,0,0,0
S_ADENMETSYN_RXN,1,1,0,0,0,0,0,0
1_14_19_3_RXN,1,0,0,0,0,0,0,0
STEROID_SULFOTRANSFERASE_RXN,1,0,0,0,0,0,0,0
3_2_1_142_RXN,1,0,0,0,0,0,0,0
6_PHOSPHOFRUCTO_2_KINASE_RXN,1,0,0,0,0,0,0,0
RXN_13614,0,0,0,0,1,0,0,0
RXN_13616,1,0,0,0,0,0,0,0
SELENOCYSTEINE_LYASE_RXN,1,0,0,0,0,0,0,0
RXN_13587,1,0,0,0,0,0,0,0
RXN_10958,1,0,0,0,0,0,0,0
RXN_10953,0,1,0,0,0,0,0,0
RXN_10952,0,1,0,0,0,0,0,0
METHYLTHIOADENOSINE_NUCLEOSIDASE_RXN,1,0,0,0,0,0,0,0
RXN_10954,0,1,0,0,0,0,0,0
R02327,1,0,0,0,0,0,0,0
IMPCYCLOHYDROLASE_RXN,0,1,0,0,0,0,0,0
RXN_7673,1,0,0,0,0,0,0,0
SPONTPRO_RXN,0,1,0,1,0,0,0,0
CDPREDUCT_RXN,1,1,0,0,0,0,0,0
ALANINE_AMINOTRANSFERASE_RXN,1,0,0,0,1,0,0,0
PSERPHOSPHA_RXN,1,0,0,0,0,0,0,0
OXALATE__COA_LIGASE_RXN,1,0,0,0,0,0,0,0
HYDROXYMETHYLGLUTARYL_COA_LYASE_RXN,0,0,0,1,0,0,0,0
KETOACYLCOATHIOL_RXN,0,0,0,0,1,0,0,0
RXN_13728,1,0,1,0,0,0,0,0
AIRS_RXN,0,1,0,0,0,0,0,0
DOPACHROME_DELTA_ISOMERASE_RXN,1,0,0,0,0,0,0,0
RXN_13721,1,0,0,0,0,0,0,0
RXN_13299,1,0,0,0,0,0,0,0
RXN_13298,1,0,0,0,0,0,0,0
GLYC3PDEHYDROG_RXN,1,0,0,0,0,0,0,0
rxn_11356,0,1,0,0,0,0,0,0
RXN_13290,1,0,0,0,0,0,0,0
RXN_7598,1,0,0,0,0,0,0,0
RXN_13294,1,0,0,0,0,0,0,0
RXN_13297,1,0,0,0,0,0,0,0
RXN_13296,1,0,0,0,0,0,0,0
3_CYANOALANINE_HYDRATASE_RXN,1,0,0,0,0,0,0,0
ENOYL_ACP_REDUCT_NADH_RXN,0,1,0,0,0,0,0,0
rxn_2002,0,1,0,0,0,0,0,0
2_7_1_150_RXN,1,0,1,0,0,1,0,0
3_2_1_113_RXN,1,0,0,0,0,0,0,0
PHEAMINOTRANS_RXN,0,1,0,1,1,0,0,0
O_SUCCINYLBENZOATE_COA_LIG_RXN,1,1,0,0,0,0,0,0
histoldehyd_rxn,0,1,0,0,0,0,0,0
QUINOPRIBOTRANS_RXN,1,1,0,0,0,0,0,0
DIHYDROFOLATEREDUCT_RXN,0,1,0,1,0,0,0,0
RXN_3581,1,0,0,0,0,0,0,0
GLYOXII_RXN,0,1,0,0,0,0,0,0
R02472,0,1,0,0,0,0,0,0
O_SUCCINYLBENZOATE_COA_SYN_RXN,1,0,0,0,0,0,0,0
RXN_13122,1,0,0,0,0,0,0,0
RXN_13121,1,0,0,0,0,0,0,0
5_NUCLEOTID_RXN,1,0,0,0,0,0,0,0
rxn_12959,0,1,0,0,0,0,0,0
2_4_99_3_RXN,1,0,0,0,0,0,0,0
RXN_8730,1,0,0,1,0,0,0,0
rxn_2003,0,1,0,0,0,0,0,0
POLYAMINE_OXIDASE_RXN,1,0,0,0,0,0,0,0
DIHYDROOROT_RXN,1,1,0,0,0,0,0,0
URKI_RXN,1,1,0,1,0,0,0,0
DEOXYHYPUSINE_MONOOXYGENASE_RXN,1,0,0,0,0,0,0,0
PYRAZOLYLALANINE_SYNTHASE_RXN,0,1,0,0,0,0,0,0
2_4_99_2_RXN,1,0,0,0,0,0,0,0
1_14_11_9_RXN,1,0,0,0,0,0,0,0
mzrxn35,0,0,0,0,0,0,0,0
R12_RXN,1,0,0,0,0,0,0,0
UDPNACETYLMURAMATEDEHYDROG_RXN,1,0,0,0,0,0,0,0
S_ADENOSYLHOMOCYSTEINE_DEAMINASE_RXN,1,0,0,0,0,0,0,0
ARGININE_2_MONOOXYGENASE_RXN,0,1,0,0,0,0,0,0
RXN_9868,1,0,0,0,0,0,0,0
DIOHBUTANONEPSYN_RXN,0,1,0,0,0,0,0,0
DIHYDROFOLATESYNTH_RXN,0,1,0,1,0,0,0,0
2_5_1_39_RXN,1,0,0,0,0,0,0,0
RXN_8028,0,1,0,0,0,0,0,0
RXN_9514,0,1,0,0,0,0,0,0
RXN_9518,1,1,0,1,1,0,0,0
NUCLEOSIDE_TRIPHOSPHATASE_RXN,1,1,0,1,0,0,0,0
RXN_12090,1,0,0,0,0,0,0,0
RXN_12091,1,0,0,0,0,0,0,0
RXN_12720,1,0,0,0,0,0,0,0
RXN_12721,1,0,0,0,0,0,0,0
METHYLMALONYL_COA_EPIM_RXN,1,0,0,0,0,0,0,0
RXN_12729,0,1,0,0,0,0,0,0
RXN0_5260,1,0,0,1,0,0,0,0
2_3_1_172_RXN,1,0,0,0,0,0,0,0
N_ACETYLTRANSFER_RXN,0,1,0,0,0,0,0,0
RXN_1501,1,0,1,0,0,1,0,0
2_3_1_45_RXN,1,0,0,0,0,0,0,0
RXN_12430,1,1,0,1,0,1,0,0
2_3_1_23_RXN,1,0,0,0,0,0,0,0
RXN_9192,1,0,0,0,0,0,0,0
RXN0_1483,0,1,0,0,0,0,0,0
TRIACYLGLYCEROL_LIPASE_RXN,1,1,0,0,0,0,0,0
3_1_4_37_RXN,1,0,0,0,0,0,0,0
KETOISOCAPROATE_RXN,1,0,0,1,0,0,0,0
RXN_9246,1,0,0,0,0,0,0,0
RXN_9244,1,0,0,0,0,0,0,0
RXN_9242,1,0,0,0,0,0,0,0
DALADALALIG_RXN,1,0,0,0,0,0,0,0
rxn_11957,1,0,0,0,0,0,0,0
2_DEHYDROPANTOATE_REDUCT_RXN,0,1,0,0,0,0,0,0
benzoate__coa_ligase_rxn,0,1,0,0,0,0,0,0
RXN_6268,1,0,0,0,0,0,0,0
RXN_11565,1,0,0,0,0,0,0,0
RXN_11566,1,0,0,0,0,0,0,0
LIPIDADISACCHARIDESYNTH_RXN,1,1,0,1,1,0,0,0
RXN_9648,0,1,0,0,0,0,0,0
2_7_8_11_RXN,0,1,0,0,0,0,0,0
4_2_1_61_RXN,1,1,0,0,0,0,0,0
RXN_9644,0,1,0,0,0,0,0,0
R04959,0,1,0,0,0,0,0,0
MALONYL_COA_DECARBOXYLASE_RXN,1,1,0,1,0,0,0,0
RXN_7911,1,0,0,0,0,0,0,0
THREONINE_ALDOLASE_RXN,1,0,0,0,0,0,0,0
DIPHTINE__AMMONIA_LIGASE_RXN,0,0,1,0,0,0,0,0
ASPARTATE_SEMIALDEHYDE_DEHYDROGENASE_RXN,0,1,0,0,0,0,0,0
RXN_10768,1,0,0,0,0,0,0,0
RXN_7902,1,1,0,0,0,0,0,0
RXN0_5001,1,0,0,0,0,0,0,0
2OXOGLUTARATEDEH_RXN,0,1,0,1,0,0,0,0
XYLULOKIN_RXN,1,0,0,0,0,0,0,0
RXN_10767,1,0,0,0,0,0,0,0
RXN_12898,1,0,0,0,0,0,0,0
RXN_11361,1,0,0,0,0,0,0,0
RXN_12893,1,0,0,0,0,0,0,0
RXN_12894,1,0,0,0,0,0,0,0
RXN_12895,1,0,0,0,0,0,0,0
rxn0_366,1,0,0,0,0,0,0,0
4_4_1_19_RXN,1,0,0,0,0,0,0,0
RXN_14062,1,0,0,0,0,0,0,0
R02873,1,0,0,0,0,0,0,0
RXN_15043,1,0,0,0,0,0,0,0
ORNITHINE__OXO_ACID_AMINOTRANSFERASE_RXN,1,0,0,0,0,0,0,0
RXN_15046,1,0,0,0,0,0,0,0
RIBOFLAVIN_SYN_RXN,0,1,0,0,0,0,0,0
RXN1G_395,1,0,0,0,0,0,0,0
RXN_1064,1,1,1,1,0,1,0,0
CATAL_RXN,1,1,0,0,1,0,0,0
ACETYL_COA_CARBOXYLTRANSFER_RXN,1,1,0,0,0,0,0,0
RXN_7836,1,0,0,0,0,0,0,0
RXN_7835,0,0,0,0,1,0,0,0
2_3_1_67_RXN,1,0,0,0,0,0,0,0
RXN_14116,1,1,0,1,0,0,0,0
cpd_12575_c2,0,0,0,0,0,0,0,0
12_OXOPHYTODIENOATE_REDUCTASE_RXN,0,0,0,0,1,0,0,0
ACETYLORNDEACET_RXN,0,1,0,0,0,0,0,0
NQOR_RXN,1,1,0,0,1,0,0,0
2_3_1_41_RXN,0,1,0,0,0,0,0,0
RXN0_984,1,0,0,1,0,0,0,0
RXN0_985,1,0,0,0,0,0,0,0
RXN0_986,1,0,0,0,0,0,0,0
RXN_1823,1,0,0,0,0,0,0,0
SUCROSE_PHOSPHATASE_RXN,1,0,0,0,0,0,0,0
2_7_9_4_RXN,0,1,0,0,0,0,0,0
ACETYLORNTRANSAM_RXN,0,1,0,0,0,0,0,0
KDOTRANS2_RXN,1,0,0,0,0,0,0,0
GALACTONOLACTONE_DEHYDROGENASE_RXN,1,0,0,0,0,0,0,0
DEPHOSPHOCOAKIN_RXN,0,1,0,0,0,0,0,0
GLUCOKIN_RXN,1,0,0,0,0,0,0,0
mzrxn2,0,0,0,0,0,0,0,0
RXN66_313,1,0,0,0,0,0,0,0
3_1_1_78_RXN,1,0,0,0,0,0,0,0
RXN_13760,1,0,0,0,0,0,0,0
4_COUMARATE__COA_LIGASE_RXN,1,0,0,0,1,0,0,0
UROGENIIISYN_RXN,0,1,0,0,0,0,0,0
ARGDECARBOX_RXN,0,1,0,0,0,0,0,0
RXNQT_4141,1,0,0,0,0,0,0,0
RXNQT_4143,0,1,0,0,0,0,0,0
RXNQT_4142,1,0,0,0,0,0,0,0
PHENYLPYRUVATE_TAUTOMERASE_RXN,1,0,0,0,0,0,0,0
R02890,1,0,0,0,0,0,0,0
APYRASE_RXN,1,1,0,1,0,0,0,0
CYSTATHIONINE_BETA_SYNTHASE_RXN,1,0,0,0,0,0,0,0
VALINE__TRNA_LIGASE_RXN,1,0,0,1,0,0,0,0
rxn_11272,0,1,0,0,0,0,0,0
RXN66_221,1,0,0,0,0,0,0,0
ACETOOHBUTREDUCTOISOM_RXN,0,1,0,0,0,0,0,0
ASPARTATE_RACEMASE_RXN,0,1,0,0,0,0,0,0
OHBUTYRYL_COA_EPIM_RXN,0,0,0,0,1,0,0,0
CERAMIDE_KINASE_RXN,1,0,0,0,0,0,0,0
THIOSULFATE_SULFURTRANSFERASE_RXN,0,1,0,1,0,0,0,0
RXN_13736,1,0,0,0,0,0,0,0
RXN_13734,1,0,0,0,0,0,0,0
RXN_13735,1,0,0,0,0,0,0,0
RXN_6501,1,0,0,0,0,0,0,0
DUDPKIN_RXN,0,1,0,0,0,0,0,0
OROTPDECARB_RXN,1,1,0,0,0,0,0,0
3_2_1_14_RXN,0,0,1,1,0,0,0,0
Hemicellulose_synthesis,1,0,0,0,0,0,0,0
NARINGENIN_CHALCONE_SYNTHASE_RXN,0,1,0,0,0,0,0,0
RXN_8909,1,0,0,0,0,0,0,0
RXN_1882,1,0,0,0,0,0,0,0
RXN_1884,1,0,0,0,0,0,0,0
RXN3O_4113,0,1,0,0,0,0,0,0
SPERMINE_SYNTHASE_RXN,1,0,0,1,0,0,0,0
7KAPSYN_RXN,0,1,0,1,1,0,0,0
3_2_1_17_RXN,1,0,0,0,0,0,0,0
RXN_12613,1,0,0,0,0,0,0,0
ATPPHOSPHORIBOSYLTRANS_RXN,0,1,0,0,0,0,0,0
RXN_7633,1,0,0,0,0,0,0,0
RXN_7632,1,0,0,0,0,0,0,0
1_1_1_248_RXN,1,0,0,0,0,0,0,0
OXALYL_COA_DECARBOXYLASE_RXN,1,0,0,0,0,0,0,0
RXN_13139,1,0,0,0,0,0,0,0
THIAMIN_PYROPHOSPHOKINASE_RXN,0,1,0,0,0,0,0,0
ALCOHOL_DEHYDROGENASE_NADPORNOP+_RXN,1,0,0,0,0,0,0,0
R07680,1,0,0,0,0,0,0,0
GLUCOSE_6_PHOSPHATE_1_EPIMERASE_RXN,0,1,0,0,0,0,0,0
RXNQT_4366,1,0,0,0,0,0,0,0
aconitatedehydr_rxn,0,0,0,1,0,0,0,0
gcvmulti_rxn,0,1,0,0,0,0,0,0
RXN_12618,0,0,0,0,0,1,0,0
rxn_11949,1,0,0,0,0,0,0,0
rxn_11948,1,0,0,0,0,0,0,0
rxn_11947,1,0,0,0,0,0,0,0
rxn_11946,1,0,0,0,0,0,0,0
RXN_8475,1,0,0,0,0,0,0,0
RXN_8473,1,0,0,0,0,0,0,0
RXN_8471,1,0,0,0,0,0,0,0
2_1_1_145_RXN,1,0,0,0,0,0,0,0
RXN_9204,1,0,0,0,0,0,0,0
PHOSACETYLGLUCOSAMINEMUT_RXN,1,0,0,0,0,0,0,0
GERANIOL_DEHYDROGENASE_RXN,1,0,0,0,0,0,0,0
KDOTRANS_RXN,1,0,0,0,0,0,0,0
TETRAACYLDISACC4KIN_RXN,1,0,0,0,0,0,0,0
GUANPRIBOSYLTRAN_RXN,1,0,0,0,0,0,0,0
DOLICHOL_KINASE_RXN,0,0,1,0,0,0,0,0
2PGADEHYDRAT_RXN,1,1,0,0,0,0,0,0
2_7_1_134_RXN,0,1,0,0,0,0,0,0
R01759,1,0,0,0,0,0,0,0
RXN_2981,1,0,0,0,0,0,0,0
R03260,1,0,0,0,0,0,0,0
DCYSDESULF_RXN,0,0,0,1,0,0,0,0
DIACYLGLYKIN_RXN,0,0,1,0,0,0,0,0
RXN_12718,1,0,0,0,0,0,0,0
RXN_3741,1,0,0,0,0,0,0,0
3_6_3_6_RXN,0,0,0,0,0,0,0,0
ADENYLATECYC_RXN,1,0,0,1,1,0,0,0
RXN_12393,1,0,0,0,0,0,0,0
ACETYLGLUTKIN_RXN,0,1,0,0,0,0,0,0
RXN_9479,1,0,0,0,0,0,0,0
3_1_1_69_RXN,1,0,0,0,0,0,0,0
1_5_99_12_RXN,1,0,0,0,0,0,0,0
R00936,1,0,0,0,0,0,0,0
R03918,1,0,0,0,0,0,0,0
CASBENE_SYNTHASE_RXN,1,0,0,0,0,0,0,0
MR00234,0,1,0,0,0,0,0,0
RXN_5962,0,1,0,0,0,0,0,0
1_3_3_9_RXN,1,0,0,0,0,0,0,0
R01221,0,1,0,0,0,0,0,0
RXN_1402,0,1,0,1,0,0,0,0
RXN_1403,0,1,0,0,0,0,0,0
TREHALA_RXN,1,1,0,0,0,0,0,0
2_3_1_162_RXN,1,0,0,0,0,0,0,0
RXN_9658,0,1,0,0,0,0,0,0
LANOSTEROL_SYNTHASE_RXN,1,0,0,0,0,0,0,0
RXN_9655,0,1,0,0,0,0,0,0
RXN_9657,0,1,0,0,0,0,0,0
SUCROSE_SYNTHASE_RXN,1,0,0,0,0,0,0,0
RXN_9651,0,1,0,0,0,0,0,0
RXN_9650,0,1,0,0,0,0,0,0
RXN_9653,0,1,0,0,0,0,0,0
RXN_9652,0,1,0,0,0,0,0,0
2_3_1_150_RXN,1,0,0,0,0,0,0,0
ARYLFORMAMIDASE_RXN,1,0,0,0,0,0,0,0
RXN_13473,1,0,0,0,0,0,0,0
RXN_12979,1,0,1,0,0,0,0,0
NICONUCADENYLYLTRAN_RXN,1,0,0,0,0,0,0,0
1_1_1_51_RXN,1,0,0,0,0,0,0,0
DTDPDEHYRHAMREDUCT_RXN,0,0,0,1,0,0,0,0
RXN_7931,1,0,0,0,0,0,0,0
RIBONUCLEOSIDE_DIP_REDUCTI_RXN,0,0,0,1,0,0,0,0
D_AMINO_ACID_OXIDASE_RXN,0,1,0,0,0,0,0,0
RXN_10711,1,0,0,0,0,0,0,0
RXN_11375,1,0,0,0,0,0,0,0
RXN_11376,1,0,0,0,0,0,0,0
RXN_9685,1,0,0,0,0,0,0,0
D_XYLOSE_1_DEHYDROGENASE_NADP+_RXN,0,1,0,0,0,0,0,0
R02263,1,0,0,0,0,0,0,0
SUPEROX_DISMUT_RXN,1,1,0,1,0,0,0,0
PHENOL_2_MONOOXYGENASE_RXN,1,0,0,0,0,0,0,0
DIAMINOPIMDECARB_RXN,0,1,0,0,0,0,0,0
PLASTOQUINOL__PLASTOCYANIN_REDUCTASE_RXN,0,0,0,0,0,0,0,0
5_5_1_13_RXN,0,1,0,0,0,0,0,0
PUTRESCINE_OXIDASE_RXN,0,0,0,1,0,0,0,0
R04543,0,1,0,0,0,0,0,0
HYDROXYMETHYLGLUTARYL_COA_SYNTHASE_RXN,1,0,0,0,0,0,0,0
RXN_11396,1,0,0,0,0,0,0,0
rxn_16398,0,1,0,0,0,0,0,0
ADENODEAMIN_RXN,0,1,0,0,1,0,0,0
RXN_10625,0,1,0,0,0,0,0,0
SINAPINE_ESTERASE_RXN,1,1,0,0,1,0,0,0
RXN_14102,1,0,0,0,0,0,0,0
3_5_5_4_RXN,1,0,0,0,0,0,0,0
RXN0_1147,1,0,0,0,0,0,0,0
RXN_13452,1,0,0,0,0,0,0,0
RXN_10441,1,0,0,0,0,0,0,0
LEUCPEL_RXN,1,0,0,0,0,0,0,0
FUMARYLACETOACETASE_RXN,1,1,0,0,0,0,0,0
R00326,1,0,0,0,0,0,0,0
3_1_3_77_RXN,1,1,0,1,1,0,0,0
DIHYDROXYMETVALDEHYDRAT_RXN,0,1,0,0,0,0,0,0
2_4_1_46_RXN,0,1,0,0,0,0,0,0
3_6_4_8_RXN,1,0,0,0,0,0,0,0
TRANS_HEXAPRENYLTRANSTRANSFERASE_RXN,0,1,0,0,0,0,0,0
RXN_2945,1,0,0,0,0,0,0,0
RXN_14070,1,0,0,0,0,0,0,0
RXN_14071,1,0,0,0,0,0,0,0
RXN_14072,1,0,0,0,0,0,0,0
RXN66_362,1,0,0,0,0,0,0,0
R04544,0,1,0,0,0,0,0,0
RXNQT_4171,1,0,0,0,0,0,0,0
RXNQT_4174,1,0,0,0,0,0,0,0
RXNQT_4178,1,0,0,0,0,0,0,0
DETHIOBIOTIN_SYN_RXN,0,0,0,1,0,0,0,0
2_4_1_82_RXN,1,1,0,0,0,0,0,0
ADENYLYLSULFATASE_RXN,1,1,0,1,0,0,0,0
3_1_1_73_RXN,1,1,1,0,1,0,0,0
UREIDOGLYCOLATE_HYDROLASE_RXN,1,0,0,0,0,0,0,0
RXN3O_178,0,1,0,1,1,0,0,0
RXN_13926,1,0,0,0,0,0,0,0
PROPIONATE__COA_LIGASE_RXN,0,0,0,0,1,0,0,0
GLUTAMATE_SYNTHASE_NADH_RXN,0,1,0,0,0,0,0,0
RXN_13707,1,0,0,0,0,0,0,0
R07765,0,1,0,0,0,0,0,0
1_14_13_93_RXN,1,0,0,0,0,0,0,0
2_8_1_6_RXN,0,0,0,1,0,0,0,0
R07763,0,1,0,0,0,0,0,0
R01321,0,1,0,0,0,0,0,0
RXN1F_775,1,0,0,0,0,0,0,0
ORNITHINE_GLU_AMINOTRANSFERASE_RXN,1,1,0,1,0,0,0,0
1_5_5_1_RXN,0,0,0,1,0,0,0,0
RXN1F_170,1,0,0,0,0,0,0,0
RXN_8916,1,0,0,0,0,0,0,0
RXN_10841,1,0,1,1,1,0,0,0
rxn_11956,1,0,0,0,0,0,0,0
RXN_13405,1,0,0,0,0,0,0,0
RXN_2208,1,0,0,0,0,0,0,0
rxn_11958,1,0,0,0,0,0,0,0
R01817,1,0,0,0,0,0,0,0
GLUTAMATE_DEHYDROGENASE_NADP+_RXN,1,1,0,1,1,0,0,0
ACYLPHOSPHATASE_RXN,0,1,0,0,0,0,0,0
NADH_DEHYDROG_A_RXN,0,0,0,0,0,0,0,0
RXN_8684,1,0,0,0,0,0,0,0
RXN_8683,1,0,0,0,0,0,0,0
RXN_17351,1,0,0,0,0,0,0,0
RXN_17352,1,0,0,0,0,0,0,0
RXN_13142,1,0,0,0,0,0,0,0
rxn_15479,0,0,0,0,0,0,1,0
RXNQT_4359,1,0,0,0,0,0,0,0
TRANS_PENTAPRENYLTRANSFERASE_RXN,0,1,0,0,0,0,0,0
3_7_1_9_RXN,1,0,0,0,0,0,0,0
ISOFLAVONE_7_O_GLUCOSYLTRANSFERASE_RXN,1,0,0,0,0,0,0,0
RXNQT_4193,1,0,1,0,0,0,0,0
RXNQT_4191,0,1,0,0,0,0,0,0
CYTOCHROME_B5_REDUCTASE_RXN,1,1,0,0,0,0,0,0
ACYLCOASYN_RXN,0,0,0,1,0,0,0,0
rxn_11950,1,0,0,0,0,0,0,0
RXN_8460,1,0,0,0,0,0,0,0
RXN_698,1,1,0,0,0,0,0,0
CINNAMYL_ALCOHOL_DEHYDROGENASE_RXN,1,0,1,0,0,1,0,0
R01325,1,0,0,0,0,0,0,0
RXN_8469,1,0,0,0,0,0,0,0
rxn_11959,1,0,0,0,0,0,0,0
PHOSPHAGLYPSYN_RXN,1,0,0,0,0,0,0,0
GLYCEROL_1_PHOSPHATASE_RXN,0,0,0,1,0,0,0,0
HEXOKINASE_RXN,1,0,0,1,0,0,0,0
BENZALDEHYDE_DEHYDROGENASE_NAD+_RXN,1,1,0,0,1,0,0,0
RIBULOKIN_RXN,1,0,0,0,0,0,0,0
MANNOSE_6_PHOSPHATE_6_REDUCTASE_RXN,1,0,0,0,0,0,0,0
RXN_743,1,0,0,0,0,0,0,0
CYSTEAMINE_DIOXYGENASE_RXN,1,0,0,0,0,0,0,0
GLUTAMINESYN_RXN,1,1,0,1,0,0,0,0
RXN_8042,0,1,0,0,0,0,0,0
RXN_9310,1,0,0,0,0,0,0,0
RXN_9311,1,0,0,0,1,0,0,0
RXN_3422,1,0,0,0,0,0,0,0
DEOXYCYTIDINE_KINASE_RXN,1,0,0,0,0,0,0,0
RXN_8262,1,0,0,0,0,0,0,0
HOLO_ACP_SYNTH_RXN,0,1,0,0,0,0,0,0
RXN_16405,1,0,0,0,0,0,0,0
RXN_16404,1,0,0,0,0,0,0,0
RXN_16403,1,0,0,0,0,0,0,0
RXN_16402,1,0,0,0,0,0,0,0
RXN_16401,1,0,0,0,0,0,0,0
RXN_16400,0,1,0,0,0,0,0,0
RXN_16408,1,0,0,0,0,0,0,0
RXN_12415,1,0,0,0,0,0,0,0
1_5_1_9_RXN,1,0,0,0,0,0,0,0
PEPCARBOX_RXN,1,0,0,0,0,0,0,0
HYOSCYAMINE_6_DIOXYGENASE_RXN,1,0,0,0,0,0,0,0
NUCLEOTIDASE_RXN,1,0,0,0,0,0,0,0
ASPARTATEKIN_RXN,0,1,0,0,0,0,0,0
RXN_16393,1,1,0,0,1,0,0,0
RXN_11758,1,0,0,0,0,0,0,0
RXN_9225,1,0,0,0,0,0,0,0
RXN_9227,1,0,0,0,0,0,0,0
RXN_9220,1,0,0,0,0,0,0,0
SERINE_GLYOXYLATE_AMINOTRANSFERASE_RXN,1,1,0,0,0,0,0,0
R01251,1,1,0,0,0,0,0,0
SERINE_C_PALMITOYLTRANSFERASE_RXN,1,0,0,0,0,0,0,0
RXN_9229,1,0,0,0,0,0,0,0
OMEGA_AMIDASE_RXN,0,1,0,0,0,0,0,0
3_1_3_57_RXN,0,1,0,0,0,0,0,0
RXN_11052,1,0,0,0,0,0,0,0
RXN0_5398,0,1,0,0,0,0,0,0
RXN_525,1,0,0,0,0,0,0,0
RXN_527,1,0,0,0,0,0,0,0
RXNQT_4150,1,1,0,1,0,0,0,0
IPPISOM_RXN,1,1,0,0,0,0,0,0
PRTRANS_RXN,0,1,0,0,0,0,0,0
3_2_1_106_RXN,1,0,0,0,0,0,0,0
1_14_19_2_RXN,0,1,0,0,0,0,0,0
ADENOSYLHOMOCYSTEINE_NUCLEOSIDASE_RXN,1,0,0,0,0,0,0,0
PHENOL_BETA_GLUCOSYLTRANSFERASE_RXN,1,0,0,0,0,0,0,0
ISOCIT_CLEAV_RXN,1,1,0,1,0,0,0,0
RXN_4210,1,0,1,0,0,0,0,0
mzrxn19,0,0,0,0,0,0,0,0
2_4_1_19_RXN,1,0,0,0,0,0,0,0
RXN_7922,1,1,0,1,0,0,0,0
RXN_10708,0,0,0,0,1,0,0,0
RXN_11836,0,1,0,0,0,0,0,0
RXN_10706,0,0,0,0,1,0,0,0
RXN_10707,0,0,0,0,1,0,0,0
RXN_10704,0,0,0,0,1,0,0,0
RXN_10705,0,0,0,0,1,0,0,0
RXN_10702,0,0,0,0,1,0,0,0
RXN_10703,0,0,0,0,1,0,0,0
RXN_10700,0,0,0,0,1,0,0,0
RXN_10701,0,0,0,0,1,0,0,0
3_4_13_9_RXN,1,0,0,0,0,0,0,0
3_1_2_21_rxn,0,1,0,0,0,0,0,0
1_3_99_5_RXN,0,1,1,0,0,0,0,0
3_1_4_10_RXN,1,0,0,0,0,0,0,0
RXN_12561,1,0,0,0,0,0,0,0
rxn_16416,0,1,0,0,0,0,0,0
rxn_16417,0,1,0,0,0,0,0,0
STEROL_GLUCOSYLTRANSFERASE_RXN,1,0,0,0,0,0,0,0
RXN_15065,1,1,0,0,1,0,0,0
RXN_15066,1,1,0,0,1,0,0,0
1_2_1_13_RXN,0,1,0,0,0,0,0,0
ETHYL_RXN,0,1,0,0,1,0,0,0
RXN_1225,0,1,0,0,0,0,0,0
RXN_11819,1,0,0,0,0,0,0,0
4OHBENZOATE_OCTAPRENYLTRANSFER_RXN,0,1,0,0,0,0,0,0
RXN_7815,1,0,0,0,0,0,0,0
RXN_9700,1,0,0,0,0,0,0,0
ALLENE_OXIDE_CYCLASE_RXN,0,1,0,0,0,0,0,0
RXN_115,1,0,0,0,0,0,0,0
RXN_1223,0,1,0,0,0,0,0,0
GLYOXI_RXN,0,1,0,0,0,0,0,0
RXNQT_4384,1,0,0,0,0,0,0,0
RXN_111,1,0,0,0,0,0,0,0
2_HYDROXYGLUTARATE_DEHYDROGENASE_RXN,1,0,0,0,0,0,0,0
plastoquinone_c2,0,0,0,0,0,0,0,0
MALATE_DEH_RXN,1,1,0,1,1,0,0,0
ADP_DEAMINASE_RXN,1,0,0,0,0,0,0,0
MR01081,1,0,0,0,0,0,0,0
2_4_1_111_RXN,1,0,0,0,0,0,0,0
RXN_10032,1,0,0,0,0,0,0,0
RXN_10035,1,0,0,0,0,0,0,0
RXN_10036,1,0,0,0,0,0,0,0
FLAVONOL_3_SULFOTRANSFERASE_RXN,1,0,0,0,0,0,0,0
ASPAMINOTRANS_RXN,1,1,0,1,1,0,0,0
rxn_2001,0,1,0,0,0,0,0,0
RXNQT_4165,1,0,0,0,0,0,0,0
R145_RXN,1,0,0,0,0,0,0,0
rxn_2005,0,1,0,0,0,0,0,0
rxn_2006,0,1,0,0,0,0,0,0
RXNQT_4168,1,0,0,0,0,0,0,0
PHENYLALANINE_AMMONIA_LYASE_RXN,1,1,0,0,0,0,0,0
TRANS_CINNAMATE_4_MONOOXYGENASE_RXN,1,1,0,0,0,0,0,0
BETA_GLUCURONID_RXN,1,0,0,0,0,0,0,0
3_HYDROXYBUTYRYL_COA_DEHYDROGENASE_RXN,0,0,0,0,1,0,0,0
FERRIC_CHELATE_REDUCTASE_RXN,0,1,1,1,0,0,0,0
1_1_99_28_RXN,1,0,0,0,0,0,0,0
RXN_13198,1,0,0,0,0,0,0,0
RXN_18266,0,1,0,0,0,0,0,0
ALANINE__GLYOXYLATE_AMINOTRANSFERASE_RXN,0,0,0,1,1,0,0,0
3_PHOSPHOGLYCERATE_PHOSPHATASE_RXN,1,1,0,1,0,0,0,0
2_3_1_180_RXN,0,1,0,0,0,0,0,0
2_ACYLGLYCEROL_O_ACYLTRANSFERASE_RXN,1,1,1,1,0,0,0,0
RXN_14538,1,0,0,0,0,0,0,0
MALEYLACETOACETATE_ISOMERASE_RXN,1,0,0,0,0,0,0,0
2_4_1_218_RXN,1,0,0,0,0,0,0,0
RXN_14531,1,0,0,0,0,0,0,0
RXN_14536,1,0,0,0,0,0,0,0
RXN_10857,0,1,0,0,0,0,0,0
rxn_15816,0,0,0,0,0,0,0,0
RXN0_2382,0,1,0,0,0,0,0,0
RXN1F_168,1,0,0,0,0,0,0,0
rxn_15124,0,1,0,0,0,0,0,0
RXN_5781,0,1,0,0,0,0,0,0
RXN66_483,1,0,0,0,0,0,0,0
RXN66_484,1,0,0,0,0,0,0,0
PGLUCISOM_RXN,1,1,0,0,0,0,0,0
RXN_8678,1,0,0,0,0,0,0,0
RXN_8679,1,0,0,0,0,0,0,0
PGLYCDEHYDROG_RXN,0,1,0,0,0,0,0,0
rxn_11357,0,1,0,0,0,0,0,0
R02421,1,0,0,0,0,0,0,0
RXN_13158,0,1,0,0,0,0,0,0
SULFATE_ADENYLYLTRANSFERASE_ADP_RXN,1,1,0,1,0,0,0,0
AMINOGLYCOSIDE_N6_ACETYLTRANSFERASE_RXN,1,1,0,0,0,0,0,0
RXNQT_4387,0,1,1,1,1,0,0,0
PYRUVATEORTHOPHOSPHATE_DIKINASE_RXN,1,1,0,0,0,0,0,0
RXN_8414,1,0,0,0,0,0,0,0
RXN_8415,1,0,0,0,0,0,0,0
RXN_8416,1,0,0,0,0,0,0,0
RXN_1641,0,1,0,0,0,0,0,0
RXN_8418,1,0,0,0,0,0,0,0
TYROSINE_AMINOTRANSFERASE_RXN,1,1,0,1,1,0,0,0
2_1_1_114_RXN,0,1,0,0,0,0,0,0
MANDELONITRILE_LYASE_RXN,1,0,0,0,0,1,0,0
RXN_8891,0,0,0,1,0,0,0,0
BETA_UREIDOPROPIONASE_RXN,1,1,0,0,0,0,0,0
RXN_8898,1,0,0,0,0,0,0,0
RXN0_6710,1,1,0,0,0,0,0,0
GLUTATHIONE_PEROXIDASE_RXN,0,1,0,0,0,0,0,0
F16ALDOLASE_RXN,1,1,0,0,0,0,0,0
GSAAMINOTRANS_RXN,0,1,0,0,0,0,0,0
R02236,1,0,0,0,0,0,0,0
GDPMANDEHYDRA_RXN,1,0,0,0,0,0,0,0
2_4_1_123_RXN,1,0,0,0,0,0,0,0
INOSINE_NUCLEOSIDASE_RXN,1,0,0,0,1,0,0,0
CHORISMATE_SYNTHASE_RXN,1,1,0,0,0,0,0,0
GCVT_RXN,1,0,0,0,0,0,0,0
RXN_16418,1,0,0,0,0,0,0,0
RXN_6841,1,0,0,0,1,0,0,0
RXN_12201,1,0,0,0,0,0,0,0
RXN_5472,1,0,0,0,0,0,0,0
R04724,0,1,0,0,0,0,0,0
ALCOHOL_DEHYDROG_RXN,1,1,0,0,0,0,0,0
RXN_9789,1,0,0,0,0,0,0,0
RXN_12202,1,0,0,0,0,0,0,0
RXN_12173,1,0,0,0,0,0,0,0
PGPPHOSPHA_RXN,1,0,0,0,0,0,0,0
RXN_16380,1,1,0,0,0,0,0,0
RXN_11484,1,0,0,0,0,0,0,0
ACETYL_COA_ACETYLTRANSFER_RXN,1,0,0,0,1,0,0,0
RXN_11480,1,0,0,0,0,0,0,0
rxn_12383,0,1,0,0,0,0,0,0
RXN_16389,1,1,0,0,0,0,0,0
RXN_9237,1,0,0,0,0,0,0,0
R01248,1,0,0,0,0,0,0,0
RXN_9235,1,0,0,0,0,0,0,0
RXN_9233,1,0,0,0,0,0,0,0
RXN_4142,1,1,0,1,0,0,0,0
RXN_13756,1,0,0,0,0,0,0,0
RXN_4144,1,0,0,0,0,0,0,0
2_OCTAPRENYL_6_OHPHENOL_METHY_RXN,1,0,0,0,0,0,0,0
RXN_11552,1,0,0,0,0,0,0,0
2_4_1_119_RXN,1,0,0,0,0,0,0,0
3_HYDROXYISOBUTYRYL_COA_HYDROLASE_RXN,1,0,0,1,0,0,0,0
RXN_12778,1,1,0,0,1,0,0,0
STEROID_DELTA_ISOMERASE_RXN,1,0,0,0,0,0,0,0
RXN_16094,0,0,1,0,0,1,0,0
RXN_16095,1,1,0,1,1,0,0,0
RXN_16096,1,0,0,0,0,0,0,0
H2PTERIDINEPYROPHOSPHOKIN_RXN,0,1,0,1,0,0,0,0
GDPKIN_RXN,1,1,0,0,0,0,0,0
3_ISOPROPYLMALISOM_RXN,1,1,0,0,0,0,0,0
AZOBENZENE_REDUCTASE_RXN,0,1,0,0,0,0,0,0
UTPHEXPURIDYLYLTRANS_RXN,1,0,0,0,0,0,0,0
MR00368,1,0,0,0,0,0,0,0
2_3_1_160_RXN,1,0,0,0,0,0,0,0
DURIDKI_RXN,1,1,1,0,0,0,0,0
MR00365,1,0,0,0,0,0,0,0
MR00364,1,0,0,0,0,0,0,0
3_2_1_151_RXN,1,0,0,0,0,0,0,0
MR00366,1,0,0,0,0,0,0,0
SUCCCOASYN_RXN,0,0,0,1,0,0,0,0
GLURS_RXN,0,1,0,0,0,0,0,0
sorbitol_6_phosphatase_rxn,1,0,0,0,0,0,0,0
RXN_11026,0,0,0,0,1,0,0,0
RXN_11469,0,0,0,0,1,0,0,0
HYDROXYPYRUVATE_REDUCTASE_RXN,1,0,0,0,0,0,0,0
CITSYN_RXN,1,0,0,1,1,0,0,0
RXN0_3942,1,0,0,0,0,0,0,0
ALPHA_L_FUCOSIDASE_RXN,1,0,0,0,0,0,0,0
2_7_4_24_RXN,1,0,0,0,0,0,0,0
6_2_1_34_RXN,0,0,0,0,1,0,0,0
R04967,0,1,0,0,0,0,0,0
2_3_1_98_RXN,1,0,0,0,0,0,0,0
R04969,0,1,0,0,0,0,0,0
TSA_REDUCT_RXN,1,0,0,0,0,0,0,0
1_2_1_42_RXN,1,0,0,0,0,0,0,0
HOMOSERDEHYDROG_RXN,0,1,0,0,0,0,0,0
RXN_14704,1,0,0,0,0,0,0,0
GLUTRNAREDUCT_RXN,0,1,0,0,0,0,0,0
5_1_1_17_RXN,0,1,0,1,1,0,0,0
RXN_10465,1,0,0,0,0,0,0,0
RXN_10464,1,0,0,0,0,0,0,0
RXN_10463,1,0,0,0,0,0,0,0
RXN_15127,0,1,0,0,0,0,0,0
RXN1G_508,1,0,0,0,0,0,0,0
GLYOXYLATE_REDUCTASE_NADP+_RXN,1,1,0,0,1,0,0,0
3_2_1_78_RXN,0,0,0,0,0,1,0,0
RXN_14386,1,0,0,0,0,0,0,0
RXN_14835,1,0,0,0,0,0,0,0
RXN_14384,1,0,0,0,0,0,0,0
RXN_14385,1,0,0,0,0,0,0,0
RXN_14831,1,0,0,0,0,0,0,0
SULFITE_REDUCTASE_FERREDOXIN_RXN,0,1,0,0,0,0,0,0
DSERDEAM_RXN,0,1,0,1,0,0,0,0
6PGLUCONOLACT_RXN,1,0,0,0,0,0,0,0
SPHINGOMYELIN_PHOSPHODIESTERASE_RXN,1,0,0,0,0,0,0,0
1_ACYLGLYCEROL_3_P_ACYLTRANSFER_RXN,1,0,0,0,0,0,0,0
MANNPGUANYLTRANGDP_RXN,1,0,0,0,0,0,0,0
RXN_14014,0,1,0,0,0,0,0,0
RXN_14013,1,0,0,0,0,0,0,0
glutamidotrans_rxn,0,1,0,0,0,0,0,0
ASPCARBTRANS_RXN,1,1,0,0,0,0,0,0
1_1_1_145_RXN,1,0,0,0,0,0,0,0
SAMDECARB_RXN,1,1,0,1,0,0,0,0
UDP_ARABINOSE_4_EPIMERASE_RXN,1,0,0,1,0,0,0,0
RIBONUCLEOSIDE_DIP_REDUCTII_RXN,0,1,0,0,0,0,0,0
1_8_3_5_RXN,1,0,0,0,0,0,0,0
RXN_6201,0,0,0,0,1,0,0,0
GLUTATHIONE_REDUCT_NADPH_RXN,0,1,0,0,0,0,0,0
RXN_10862,1,1,0,1,0,0,0,0
PSERTRANSAM_RXN,0,1,0,0,0,0,0,0
RXN1F_155,0,1,0,0,0,0,0,0
RXN_11662,0,0,0,0,1,0,0,0
RXN1F_152,0,1,0,0,0,0,0,0
RXN1F_151,0,1,0,0,0,0,0,0
RXN1F_150,0,1,0,0,0,0,0,0
GLYCEROL_3_PHOSPHATE_DEHYDROGENASE_RXN,1,1,0,0,1,0,0,0
mzrxn41,0,0,0,0,0,0,0,0
RXN66_342,1,0,0,0,0,0,0,0
R01870,0,1,0,0,0,0,0,0
rxn4fs_13,1,0,0,0,0,0,0,0
GLYRIBONUCSYN_RXN,0,1,0,1,0,0,0,0
1_14_99_37_RXN,1,0,0,0,0,0,0,0
RXN_13162,1,0,0,0,0,0,0,0
RXN_13161,1,0,0,0,0,0,0,0
MANNPISOM_RXN,1,1,0,0,0,0,0,0
mzrxn45,0,0,0,0,0,0,0,0
SUCROSE_PHOSPHATE_SYNTHASE_RXN,1,0,0,0,0,0,0,0
mzrxn46,0,0,0,0,0,0,0,0
PABASYN_RXN,0,1,0,0,0,0,0,0
R02437,1,0,0,0,0,0,0,0
RXN_3303,1,0,0,0,0,0,0,0
TRIOKINASE_RXN,1,0,0,0,0,0,0,0
2_OCTAPRENYL_METHOXY_BENZOQ_METH_RXN,1,0,0,0,0,0,0,0
TYROSINE_DECARBOXYLASE_RXN,1,0,0,0,0,0,0,0
RXN_7799,1,0,0,0,0,0,0,0
2_5_1_64_RXN,1,0,0,0,0,0,0,0
niacinamide_c2,0,0,0,0,0,0,0,0
R01308,0,1,0,0,0,0,0,0
2_4_99_4_RXN,1,0,0,0,0,0,0,0
RXN_7920,1,0,0,0,0,0,0,0
RXN_7775,1,0,0,0,0,0,0,0
RXN_12682,1,0,0,0,0,0,0,0
DIAMACTRANS_RXN,1,0,0,0,0,0,0,0
RXN_9461,1,0,0,0,0,0,0,0
GLYCEROL_KIN_RXN,1,0,0,1,0,0,0,0
2_4_1_142_RXN,1,0,0,0,0,0,0,0
RXN_MG_PROTOPORPHYRIN_METHYLESTER_SYN,0,1,0,0,0,0,0,0
1_14_13_70_RXN,1,0,0,0,0,0,0,0
2_5_1_51_RXN,0,1,0,0,0,0,0,0
__MENTHOL_DEHYDROGENASE_RXN,1,0,0,0,0,0,0,0
3_2_1_162_RXN,1,0,0,0,0,0,0,0
NICOTINAMID_RXN,1,0,0,0,0,0,0,0
ALLYSINE_DEHYDROG_RXN,1,0,0,0,0,0,0,0
RXN_8082,1,0,0,0,0,0,0,0
NADH_KINASE_RXN,0,0,0,1,0,0,0,0
2_4_1_115_RXN,1,0,0,0,0,0,0,0
R01016,1,1,0,0,0,0,0,0
RXN_8084,1,0,0,0,0,0,0,0
2_1_1_143_RXN,1,0,0,0,0,0,0,0
S_NORLAUDANOSOLINE_SYNTHASE_RXN,1,0,0,0,0,0,0,0
RXN_12160,1,0,0,0,0,0,0,0
UDP_GLUCURONATE_4_EPIMERASE_RXN,1,0,0,0,0,0,0,0
THRESYN_RXN,0,1,0,0,0,0,0,0
6PFRUCTPHOS_RXN,1,1,0,0,0,0,0,0
RXN_9939,1,0,0,0,0,0,0,0
RXN_17428,0,1,0,0,0,0,0,0
#NAME?,1,1,1,1,1,1,1,1
IGPSYN_RXN,0,1,0,0,0,0,0,0
2_6_1_80_RXN,1,0,0,0,0,0,0,0
RXN_12610,1,0,0,0,0,0,0,0
PHOSPHOLIPASE_A1_RXN,1,0,0,0,0,0,0,0
RXN_12616,1,0,0,0,0,0,0,0
RXN_12617,1,0,0,0,0,0,0,0
RXN_12346,1,0,0,0,0,0,0,0
R01273,1,0,0,0,0,0,0,0
BIOTIN_CARBOXYL_RXN,0,1,0,1,0,0,0,0
URACIL_PRIBOSYLTRANS_RXN,0,1,0,0,0,0,0,0
RXN_9205,1,0,0,0,0,0,0,0
UDPGLUCEPIM_RXN,1,1,0,0,0,0,0,0
R01473,1,0,0,0,0,0,0,0
XMPXAN_RXN,1,1,0,0,0,0,0,0
aconitatehydr_rxn,0,0,0,1,0,0,0,0
CARBOXYCYCLOHEXADIENYL_DEHYDRATASE_RXN,0,1,0,0,0,0,0,0
1_11_1_15_RXN,1,0,0,0,0,0,0,0
CDPDIGLYSYN_RXN,0,1,0,0,0,0,0,0
RXN_9684,1,0,0,0,0,0,0,0
3_7_1_8_RXN,1,0,0,0,0,0,0,0
RXN_13675,1,0,0,0,0,0,0,0
PYRIDOXINE_4_DEHYDROGENASE_RXN,0,1,0,0,0,0,0,0
RXN_9689,1,0,0,0,0,0,0,0
MR00376,1,0,0,0,0,0,0,0
MR00377,1,0,0,0,0,0,0,0
MR00374,1,0,0,0,0,0,0,0
MR00375,1,0,0,0,0,0,0,0
GLYCOGEN_BRANCH_RXN,0,1,0,0,0,0,0,0
PHOSPHATIDATE_PHOSPHATASE_RXN,0,1,1,0,0,0,0,0
2OXOGLUTDECARB_RXN,1,0,0,0,0,0,0,0
MR00378,1,0,0,0,0,0,0,0
AMIDASE_RXN,1,0,0,0,0,0,0,0
2_3_1_99_RXN,1,0,0,0,0,0,0,0
ANTHRANSYN_RXN,0,1,0,0,0,0,0,0
RXN_7948,1,0,0,0,0,0,0,0
RXN_5841,1,0,0,0,0,0,0,0
RXN_7945,1,0,0,0,0,0,0,0
RXN_1321,0,1,0,0,0,0,0,0
RXN1F_148,0,1,0,0,0,0,0,0
1_1_1_141_RXN,1,0,0,0,0,0,0,0
RXN_6421,1,0,0,0,0,0,0,0
RXN0_1441,1,0,0,0,1,0,0,0
RXN_12587,1,0,0,0,0,0,0,0
BRANCHED_CHAINAMINOTRANSFERVAL_RXN,0,1,0,1,0,0,0,0
RXN_12588,1,0,0,0,0,0,0,0
OROPRIBTRANS_RXN,1,1,0,0,0,0,0,0
mzrxn17,0,0,0,0,0,0,0,0
mzrxn16,0,0,0,0,0,0,0,0
mzrxn15,0,0,0,0,0,0,0,0
mzrxn14,0,0,0,0,0,0,0,0
mzrxn13,0,0,0,0,0,0,0,0
mzrxn12,0,0,0,0,0,0,0,0
mzrxn11,0,0,0,0,0,0,0,0
RXN1G_469,1,0,0,0,0,0,0,0
RXN1G_460,1,0,0,0,0,0,0,0
mzrxn18,0,0,0,0,0,0,0,0
RXN_11837,0,1,0,0,0,0,0,0
1_2_3_14_RXN,0,1,0,0,0,0,0,0
DLACTDEHYDROGNAD_RXN,1,0,0,0,0,0,0,0
RXN_11832,1,1,0,1,0,0,0,0
RXN_4305,1,0,0,0,0,0,0,0
RXN_4307,1,0,0,0,0,0,0,0
RXN_4303,1,0,0,0,0,0,0,0
BRANCHED_CHAINAMINOTRANSFERILEU_RXN,0,1,0,1,0,0,0,0
MYO_INOSITOL_1OR_4_MONOPHOSPHATASE_RXN,1,1,0,0,0,0,0,0
ADENYLYLSULFKIN_RXN,0,1,0,0,0,0,0,0
URUR_RXN,0,0,0,0,1,0,0,0
RXN_10139,1,0,0,0,0,0,0,0
RIBOSYLPYRIMIDINE_NUCLEOSIDASE_RXN,1,0,0,0,0,0,0,0
RXN_16117,1,0,0,0,0,0,0,0
RXN_15130,0,1,0,0,0,0,0,0
RXN_15131,0,1,0,0,0,0,0,0
RXN1G_517,1,0,0,0,0,0,0,0
RXN_5141,1,0,0,0,0,0,0,0
HISTAMINOTRANS_RXN,0,1,0,0,0,0,0,0
histaldehyd_rxn,0,1,0,0,0,0,0,0
GLUTCYSLIG_RXN,0,1,0,0,0,0,0,0
PROTOPORGENOXI_RXN,0,1,0,0,0,0,0,0
RXN1F_93,1,0,0,0,0,0,0,0
RXN_14026,1,0,0,0,0,0,0,0
RXN_14025,1,1,0,0,0,0,0,0
RXN_14024,1,0,0,0,0,0,0,0
RXN_14029,1,0,0,0,0,0,0,0
RXN0_308,1,0,0,0,0,0,0,0
RXN0_302,0,1,0,0,0,0,0,0
ATPASE_RXN,1,1,0,1,0,0,0,0
ADENOSINE_KINASE_RXN,0,1,0,0,0,0,0,0
2_4_1_121_RXN,1,0,0,0,0,0,0,0
RXN_12726,1,0,0,0,0,0,0,0
SPERMIDINESYN_RXN,1,0,0,1,0,0,0,0
RXN_11838,1,0,0,0,0,0,0,0
RXN0_6274,1,0,0,0,0,0,0,0
LOGANATE_O_METHYLTRANSFERASE_RXN,1,0,0,0,0,0,0,0
RXN66_1,1,1,0,0,1,0,0,0
METHENYLTHFCYCLOHYDRO_RXN,1,1,0,0,0,0,0,0
CYCLOEUCALENOL_CYCLOISOMERASE_RXN,1,0,0,0,0,0,0,0
RXN_13426,1,0,0,0,0,0,0,0
RXN_18244,1,1,0,1,0,0,0,0
GAMMA_GLUTAMYLTRANSFERASE_RXN,1,0,0,0,0,0,0,0
ALDOSE_6_PHOSPHATE_REDUCTASE_NADPH_RXN,1,0,0,0,0,0,0,0
MALSYN_RXN,1,0,0,1,0,0,0,0
3_CH3_2_OXOBUTANOATE_OH_CH3_XFER_RXN,0,1,0,1,0,0,0,0
6_3_5_7_RXN,1,0,0,0,0,0,0,0
RXN_14518,1,0,0,0,0,0,0,0
RXN_14516,1,0,0,0,0,0,0,0
RXN1F_147,0,1,0,0,0,0,0,0
NUCLEOTIDE_PYROPHOSPHATASE_RXN,1,0,0,0,0,0,0,0
1_PHOSPHATIDYLINOSITOL_KINASE_RXN,0,1,0,0,0,0,0,0
FPPSYN_RXN,0,1,0,0,0,0,0,0
RXN66_3,0,0,0,1,0,0,0,0
RXN_13295,1,0,0,0,0,0,0,0
RXN_13397,1,0,0,0,0,0,0,0
RXN66_354,1,0,0,0,0,0,0,0
ALDOSE_1_DEHYDROGENASE_RXN,1,0,0,0,0,0,0,0
RXN66_353,1,0,0,0,0,0,0,0
